product_id,brand,category,sub_category,segment,package,size
34092,Brand 31,BEBIDAS CARBONATADAS,GASEOSAS,PREMIUM,BOTELLA,0.66
57290,Brand 31,BEBIDAS CARBONATADAS,GASEOSAS,PREMIUM,BOTELLA,0.66
56714,Brand 31,BEBIDAS CARBONATADAS,GASEOSAS,PREMIUM,BOTELLA,0.66
296616,Brand 31,BEBIDAS CARBONATADAS,GASEOSAS,PREMIUM,BOTELLA,0.66
60854,Brand 31,BEBIDAS CARBONATADAS,GASEOSAS,PREMIUM,BOTELLA,0.25
296854,Brand 31,BEBIDAS CARBONATADAS,GASEOSAS,PREMIUM,BOTELLA,0.25
1386,Brand 31,BEBIDAS CARBONATADAS,GASEOSAS,PREMIUM,BOTELLA,0.33
1454,Brand 31,BEBIDAS CARBONATADAS,GASEOSAS,PREMIUM,BOTELLA,0.33
34694,Brand 31,BEBIDAS CARBONATADAS,GASEOSAS,PREMIUM,BOTELLA,0.33
38656,Brand 31,BEBIDAS CARBONATADAS,GASEOSAS,PREMIUM,BOTELLA,0.33
38658,Brand 31,BEBIDAS CARBONATADAS,GASEOSAS,PREMIUM,BOTELLA,0.33
50254,Brand 31,BEBIDAS CARBONATADAS,GASEOSAS,PREMIUM,BOTELLA,0.33
50714,Brand 31,BEBIDAS CARBONATADAS,GASEOSAS,PREMIUM,BOTELLA,0.33
32646,Brand 31,BEBIDAS CARBONATADAS,GASEOSAS,PREMIUM,LATA,0.25
33886,Brand 31,BEBIDAS CARBONATADAS,GASEOSAS,PREMIUM,LATA,0.25
296090,Brand 31,BEBIDAS CARBONATADAS,GASEOSAS,PREMIUM,LATA,0.25
51318,Brand 31,BEBIDAS CARBONATADAS,GASEOSAS,PREMIUM,LATA,0.25
52802,Brand 31,BEBIDAS CARBONATADAS,GASEOSAS,PREMIUM,LATA,0.25
53072,Brand 31,BEBIDAS CARBONATADAS,GASEOSAS,PREMIUM,LATA,0.25
296284,Brand 31,BEBIDAS CARBONATADAS,GASEOSAS,PREMIUM,LATA,0.31
296442,Brand 31,BEBIDAS CARBONATADAS,GASEOSAS,PREMIUM,LATA,0.31
297360,Brand 31,BEBIDAS CARBONATADAS,GASEOSAS,PREMIUM,LATA,0.31
30496,Brand 31,BEBIDAS CARBONATADAS,GASEOSAS,PREMIUM,LATA,0.31
30500,Brand 31,BEBIDAS CARBONATADAS,GASEOSAS,PREMIUM,LATA,0.31
32494,Brand 31,BEBIDAS CARBONATADAS,GASEOSAS,PREMIUM,LATA,0.31
48500,Brand 31,BEBIDAS CARBONATADAS,GASEOSAS,PREMIUM,LATA,0.31
50258,Brand 31,BEBIDAS CARBONATADAS,GASEOSAS,PREMIUM,LATA,0.31
50718,Brand 31,BEBIDAS CARBONATADAS,GASEOSAS,PREMIUM,LATA,0.31
52674,Brand 31,BEBIDAS CARBONATADAS,GASEOSAS,PREMIUM,LATA,0.31
56484,Brand 31,BEBIDAS CARBONATADAS,GASEOSAS,PREMIUM,LATA,0.31
1440,Brand 31,BEBIDAS CARBONATADAS,GASEOSAS,PREMIUM,LATA,0.33
3382,Brand 31,BEBIDAS CARBONATADAS,GASEOSAS,PREMIUM,LATA,0.33
346,Brand 31,BEBIDAS CARBONATADAS,GASEOSAS,PREMIUM,LATA,0.33
297452,Brand 31,BEBIDAS CARBONATADAS,GASEOSAS,PREMIUM,LATA,0.33
63218,Brand 31,BEBIDAS CARBONATADAS,GASEOSAS,PREMIUM,BOTELLA,0.25
23580,Brand 29,BEBIDAS CARBONATADAS,GASEOSAS,PREMIUM,BOTELLA,0.33
27940,Brand 29,BEBIDAS CARBONATADAS,GASEOSAS,PREMIUM,BOTELLA,0.33
28772,Brand 29,BEBIDAS CARBONATADAS,GASEOSAS,PREMIUM,BOTELLA,0.5
26448,Brand 29,BEBIDAS CARBONATADAS,GASEOSAS,PREMIUM,BOTELLA,0.66
23584,Brand 29,BEBIDAS CARBONATADAS,GASEOSAS,PREMIUM,LATA,0.33
34224,Brand 29,BEBIDAS CARBONATADAS,GASEOSAS,PREMIUM,LATA,0.33
1256,Brand 26,BEBIDAS CARBONATADAS,GASEOSAS,HIGH,BOTELLA,1.0
1376,Brand 26,BEBIDAS CARBONATADAS,GASEOSAS,HIGH,BOTELLA,1.0
11152,Brand 26,BEBIDAS CARBONATADAS,GASEOSAS,HIGH,BOTELLA,1.0
1448,Brand 26,BEBIDAS CARBONATADAS,GASEOSAS,HIGH,BOTELLA,1.0
11490,Brand 26,BEBIDAS CARBONATADAS,GASEOSAS,HIGH,BOTELLA,0.33
23436,Brand 26,BEBIDAS CARBONATADAS,GASEOSAS,HIGH,BOTELLA,0.33
296522,Brand 26,BEBIDAS CARBONATADAS,GASEOSAS,HIGH,BOTELLA,0.33
43146,Brand 26,BEBIDAS CARBONATADAS,GASEOSAS,HIGH,BOTELLA,0.5
43148,Brand 26,BEBIDAS CARBONATADAS,GASEOSAS,HIGH,BOTELLA,0.5
43150,Brand 26,BEBIDAS CARBONATADAS,GASEOSAS,HIGH,BOTELLA,0.5
1266,Brand 26,BEBIDAS CARBONATADAS,GASEOSAS,HIGH,BOTELLA,0.5
43152,Brand 26,BEBIDAS CARBONATADAS,GASEOSAS,HIGH,BOTELLA,0.5
48184,Brand 26,BEBIDAS CARBONATADAS,GASEOSAS,HIGH,BOTELLA,0.5
48186,Brand 26,BEBIDAS CARBONATADAS,GASEOSAS,HIGH,BOTELLA,0.5
48188,Brand 26,BEBIDAS CARBONATADAS,GASEOSAS,HIGH,BOTELLA,0.5
48582,Brand 26,BEBIDAS CARBONATADAS,GASEOSAS,HIGH,BOTELLA,0.5
48974,Brand 26,BEBIDAS CARBONATADAS,GASEOSAS,HIGH,BOTELLA,0.5
48978,Brand 26,BEBIDAS CARBONATADAS,GASEOSAS,HIGH,BOTELLA,0.5
296906,Brand 26,BEBIDAS CARBONATADAS,GASEOSAS,HIGH,BOTELLA,0.5
14924,Brand 26,BEBIDAS CARBONATADAS,GASEOSAS,HIGH,BOTELLA,0.66
1382,Brand 26,BEBIDAS CARBONATADAS,GASEOSAS,HIGH,BOTELLA,0.33
37062,Brand 26,BEBIDAS CARBONATADAS,GASEOSAS,HIGH,BOTELLA,0.33
1418,Brand 26,BEBIDAS CARBONATADAS,GASEOSAS,HIGH,LATA,0.25
32496,Brand 26,BEBIDAS CARBONATADAS,GASEOSAS,HIGH,LATA,0.25
296592,Brand 26,BEBIDAS CARBONATADAS,GASEOSAS,HIGH,LATA,0.25
1258,Brand 26,BEBIDAS CARBONATADAS,GASEOSAS,HIGH,LATA,0.33
1260,Brand 26,BEBIDAS CARBONATADAS,GASEOSAS,HIGH,LATA,0.33
1378,Brand 26,BEBIDAS CARBONATADAS,GASEOSAS,HIGH,LATA,0.33
3388,Brand 26,BEBIDAS CARBONATADAS,GASEOSAS,HIGH,LATA,0.33
34718,Brand 26,BEBIDAS CARBONATADAS,GASEOSAS,HIGH,LATA,0.33
33826,Brand 26,BEBIDAS CARBONATADAS,GASEOSAS,HIGH,LATA,0.33
10916,Brand 26,BEBIDAS CARBONATADAS,GASEOSAS,HIGH,LATA,0.33
36290,Brand 26,BEBIDAS CARBONATADAS,GASEOSAS,HIGH,LATA,0.33
3498,Brand 26,BEBIDAS CARBONATADAS,GASEOSAS,HIGH,LATA,0.5
53046,Brand 16,BEBIDAS CARBONATADAS,AGUAS SABORIZADAS,MEDIUM,BOTELLA,0.66
53256,Brand 16,BEBIDAS CARBONATADAS,AGUAS SABORIZADAS,MEDIUM,BOTELLA,0.66
296916,Brand 16,BEBIDAS CARBONATADAS,AGUAS SABORIZADAS,MEDIUM,BOTELLA,0.66
53048,Brand 16,BEBIDAS CARBONATADAS,AGUAS SABORIZADAS,LOW,BOTELLA,0.66
53258,Brand 16,BEBIDAS CARBONATADAS,AGUAS SABORIZADAS,MEDIUM,BOTELLA,0.66
296918,Brand 16,BEBIDAS CARBONATADAS,AGUAS SABORIZADAS,MEDIUM,BOTELLA,0.66
44916,Brand 55,BEBIDAS CARBONATADAS,AGUAS SABORIZADAS,HIGH,BOTELLA,0.66
58508,Brand 55,BEBIDAS CARBONATADAS,AGUAS SABORIZADAS,HIGH,BOTELLA,0.66
44914,Brand 55,BEBIDAS CARBONATADAS,AGUAS SABORIZADAS,HIGH,BOTELLA,0.66
50974,Brand 55,BEBIDAS CARBONATADAS,AGUAS SABORIZADAS,HIGH,BOTELLA,0.66
58830,Brand 18,BEBIDAS NO CARBONATADAS,JUGOS,LOW,BOTELLA,0.33
58832,Brand 18,BEBIDAS NO CARBONATADAS,JUGOS,LOW,BOTELLA,0.33
56296,Brand 18,BEBIDAS NO CARBONATADAS,JUGOS,LOW,BOTELLA,0.5
56208,Brand 18,BEBIDAS NO CARBONATADAS,JUGOS,LOW,BOTELLA,0.25
56216,Brand 18,BEBIDAS NO CARBONATADAS,JUGOS,LOW,BOTELLA,2.0
56204,Brand 18,BEBIDAS NO CARBONATADAS,JUGOS,LOW,BOTELLA,0.33
56206,Brand 18,BEBIDAS NO CARBONATADAS,JUGOS,LOW,BOTELLA,1.0
58212,Brand 18,BEBIDAS NO CARBONATADAS,JUGOS,LOW,BOTELLA,2.0
56200,Brand 18,BEBIDAS NO CARBONATADAS,JUGOS,LOW,BOTELLA,0.33
56212,Brand 18,BEBIDAS NO CARBONATADAS,JUGOS,LOW,BOTELLA,0.5
56214,Brand 18,BEBIDAS NO CARBONATADAS,JUGOS,LOW,BOTELLA,1.5
56196,Brand 18,BEBIDAS NO CARBONATADAS,JUGOS,LOW,BOTELLA,3.0
58828,Brand 18,BEBIDAS NO CARBONATADAS,JUGOS,LOW,BOTELLA,0.33
58826,Brand 18,BEBIDAS NO CARBONATADAS,JUGOS,LOW,BOTELLA,1.0
56098,Brand 18,BEBIDAS NO CARBONATADAS,JUGOS,LOW,BOTELLA,1.5
56104,Brand 18,BEBIDAS NO CARBONATADAS,JUGOS,LOW,BOTELLA,2.0
56092,Brand 18,BEBIDAS NO CARBONATADAS,JUGOS,LOW,BOTELLA,0.25
56116,Brand 18,BEBIDAS NO CARBONATADAS,JUGOS,LOW,BOTELLA,2.0
56108,Brand 18,BEBIDAS NO CARBONATADAS,JUGOS,LOW,BOTELLA,0.33
56094,Brand 18,BEBIDAS NO CARBONATADAS,JUGOS,LOW,BOTELLA,1.0
56106,Brand 18,BEBIDAS NO CARBONATADAS,JUGOS,LOW,BOTELLA,1.5
58210,Brand 18,BEBIDAS NO CARBONATADAS,JUGOS,LOW,BOTELLA,2.0
56100,Brand 18,BEBIDAS NO CARBONATADAS,JUGOS,LOW,BOTELLA,0.25
56332,Brand 18,BEBIDAS NO CARBONATADAS,JUGOS,LOW,BOTELLA,0.25
56334,Brand 18,BEBIDAS NO CARBONATADAS,JUGOS,LOW,BOTELLA,0.25
56180,Brand 18,BEBIDAS NO CARBONATADAS,JUGOS,LOW,BOTELLA,0.33
63258,Brand 18,BEBIDAS NO CARBONATADAS,JUGOS,LOW,BOTELLA,0.33
56262,Brand 18,BEBIDAS NO CARBONATADAS,JUGOS,LOW,BOTELLA,0.5
56110,Brand 18,BEBIDAS NO CARBONATADAS,JUGOS,LOW,BOTELLA,0.5
56114,Brand 18,BEBIDAS NO CARBONATADAS,JUGOS,LOW,BOTELLA,1.0
58214,Brand 18,BEBIDAS NO CARBONATADAS,JUGOS,LOW,BOTELLA,1.0
58216,Brand 18,BEBIDAS NO CARBONATADAS,JUGOS,LOW,BOTELLA,1.0
58218,Brand 18,BEBIDAS NO CARBONATADAS,JUGOS,LOW,BOTELLA,1.0
56128,Brand 18,BEBIDAS NO CARBONATADAS,JUGOS,LOW,BOTELLA,1.5
56096,Brand 18,BEBIDAS NO CARBONATADAS,JUGOS,LOW,BOTELLA,3.0
56194,Brand 18,BEBIDAS NO CARBONATADAS,JUGOS,LOW,BOTELLA,3.0
61490,Brand 18,BEBIDAS NO CARBONATADAS,JUGOS,LOW,LATA,0.33
61118,Brand 45,BEBIDAS NO CARBONATADAS,JUGOS,LOW,BOTELLA,2.0
61142,Brand 45,BEBIDAS NO CARBONATADAS,JUGOS,LOW,BOTELLA,2.0
61144,Brand 45,BEBIDAS NO CARBONATADAS,JUGOS,LOW,BOTELLA,2.0
61146,Brand 45,BEBIDAS NO CARBONATADAS,JUGOS,LOW,BOTELLA,2.0
61148,Brand 45,BEBIDAS NO CARBONATADAS,JUGOS,LOW,BOTELLA,2.0
61150,Brand 45,BEBIDAS NO CARBONATADAS,JUGOS,LOW,BOTELLA,2.0
61152,Brand 45,BEBIDAS NO CARBONATADAS,JUGOS,LOW,BOTELLA,2.0
61120,Brand 45,BEBIDAS NO CARBONATADAS,JUGOS,LOW,BOTELLA,3.0
61154,Brand 45,BEBIDAS NO CARBONATADAS,JUGOS,LOW,BOTELLA,3.0
61156,Brand 45,BEBIDAS NO CARBONATADAS,JUGOS,LOW,BOTELLA,3.0
61158,Brand 45,BEBIDAS NO CARBONATADAS,JUGOS,LOW,BOTELLA,3.0
61160,Brand 45,BEBIDAS NO CARBONATADAS,JUGOS,LOW,BOTELLA,3.0
61116,Brand 47,BEBIDAS NO CARBONATADAS,JUGOS,LOW,BOTELLA,2.0
53390,Brand 41,BEBIDAS CARBONATADAS,GASEOSAS,PREMIUM,LATA,0.5
46630,Brand 41,BEBIDAS CARBONATADAS,GASEOSAS,PREMIUM,BOTELLA,0.66
45210,Brand 41,BEBIDAS CARBONATADAS,GASEOSAS,PREMIUM,BOTELLA,0.66
53388,Brand 41,BEBIDAS CARBONATADAS,GASEOSAS,PREMIUM,LATA,0.5
48182,Brand 41,BEBIDAS CARBONATADAS,GASEOSAS,PREMIUM,BOTELLA,0.66
297958,Brand 1,BEBIDAS CARBONATADAS,GASEOSAS,PREMIUM,BOTELLA,0.25
62618,Brand 1,BEBIDAS CARBONATADAS,GASEOSAS,PREMIUM,BOTELLA,0.25
297994,Brand 1,BEBIDAS CARBONATADAS,GASEOSAS,PREMIUM,LATA,0.33
62616,Brand 1,BEBIDAS CARBONATADAS,GASEOSAS,PREMIUM,LATA,0.33
50272,Brand 1,BEBIDAS CARBONATADAS,GASEOSAS,PREMIUM,BOTELLA,0.33
297288,Brand 1,BEBIDAS CARBONATADAS,GASEOSAS,PREMIUM,BOTELLA,0.33
297290,Brand 1,BEBIDAS CARBONATADAS,GASEOSAS,PREMIUM,BOTELLA,0.66
50274,Brand 1,BEBIDAS CARBONATADAS,GASEOSAS,PREMIUM,BOTELLA,0.66
54592,Brand 1,BEBIDAS CARBONATADAS,GASEOSAS,PREMIUM,BOTELLA,0.25
296274,Brand 1,BEBIDAS CARBONATADAS,GASEOSAS,PREMIUM,BOTELLA,0.25
297286,Brand 1,BEBIDAS CARBONATADAS,GASEOSAS,PREMIUM,BOTELLA,0.25
297798,Brand 1,BEBIDAS CARBONATADAS,GASEOSAS,PREMIUM,BOTELLA,0.25
50270,Brand 1,BEBIDAS CARBONATADAS,GASEOSAS,PREMIUM,BOTELLA,0.25
55798,Brand 1,BEBIDAS CARBONATADAS,GASEOSAS,PREMIUM,BOTELLA,0.25
29544,Brand 1,BEBIDAS CARBONATADAS,GASEOSAS,PREMIUM,BOTELLA,0.33
296734,Brand 1,BEBIDAS CARBONATADAS,GASEOSAS,PREMIUM,BOTELLA,0.33
1822,Brand 1,BEBIDAS CARBONATADAS,GASEOSAS,PREMIUM,BOTELLA,0.33
10790,Brand 1,BEBIDAS CARBONATADAS,GASEOSAS,PREMIUM,BOTELLA,0.33
11390,Brand 1,BEBIDAS CARBONATADAS,GASEOSAS,PREMIUM,BOTELLA,0.33
11500,Brand 1,BEBIDAS CARBONATADAS,GASEOSAS,PREMIUM,BOTELLA,0.33
21748,Brand 1,BEBIDAS CARBONATADAS,GASEOSAS,PREMIUM,BOTELLA,0.33
29194,Brand 1,BEBIDAS CARBONATADAS,GASEOSAS,PREMIUM,BOTELLA,0.33
35632,Brand 1,BEBIDAS CARBONATADAS,GASEOSAS,PREMIUM,BOTELLA,0.33
37718,Brand 1,BEBIDAS CARBONATADAS,GASEOSAS,PREMIUM,BOTELLA,0.33
42158,Brand 1,BEBIDAS CARBONATADAS,GASEOSAS,PREMIUM,BOTELLA,0.33
50390,Brand 1,BEBIDAS CARBONATADAS,GASEOSAS,PREMIUM,BOTELLA,0.33
51314,Brand 1,BEBIDAS CARBONATADAS,GASEOSAS,PREMIUM,BOTELLA,0.33
52634,Brand 1,BEBIDAS CARBONATADAS,GASEOSAS,PREMIUM,BOTELLA,0.33
60522,Brand 1,BEBIDAS CARBONATADAS,GASEOSAS,PREMIUM,BOTELLA,0.33
296790,Brand 1,BEBIDAS CARBONATADAS,GASEOSAS,PREMIUM,BOTELLA,0.33
297458,Brand 1,BEBIDAS CARBONATADAS,GASEOSAS,PREMIUM,BOTELLA,0.33
33896,Brand 1,BEBIDAS CARBONATADAS,GASEOSAS,PREMIUM,BOTELLA,0.5
10680,Brand 1,BEBIDAS CARBONATADAS,GASEOSAS,PREMIUM,BOTELLA,0.66
11380,Brand 1,BEBIDAS CARBONATADAS,GASEOSAS,PREMIUM,BOTELLA,0.66
28528,Brand 1,BEBIDAS CARBONATADAS,GASEOSAS,PREMIUM,BOTELLA,0.66
123358,Brand 1,BEBIDAS CARBONATADAS,GASEOSAS,PREMIUM,BOTELLA,0.66
21542,Brand 1,BEBIDAS CARBONATADAS,GASEOSAS,PREMIUM,BOTELLA,0.25
33356,Brand 1,BEBIDAS CARBONATADAS,GASEOSAS,PREMIUM,BOTELLA,0.25
297396,Brand 1,BEBIDAS CARBONATADAS,GASEOSAS,PREMIUM,BOTELLA,0.25
41510,Brand 1,BEBIDAS CARBONATADAS,GASEOSAS,PREMIUM,BOTELLA,0.25
59396,Brand 1,BEBIDAS CARBONATADAS,GASEOSAS,PREMIUM,BOTELLA,0.25
62274,Brand 1,BEBIDAS CARBONATADAS,GASEOSAS,PREMIUM,BOTELLA,0.25
297222,Brand 1,BEBIDAS CARBONATADAS,GASEOSAS,PREMIUM,BOTELLA,0.25
38814,Brand 1,BEBIDAS CARBONATADAS,GASEOSAS,PREMIUM,BOTELLA,0.25
43372,Brand 1,BEBIDAS CARBONATADAS,GASEOSAS,PREMIUM,BOTELLA,0.33
59394,Brand 1,BEBIDAS CARBONATADAS,GASEOSAS,PREMIUM,BOTELLA,0.33
44672,Brand 1,BEBIDAS CARBONATADAS,GASEOSAS,PREMIUM,LATA,0.25
296758,Brand 1,BEBIDAS CARBONATADAS,GASEOSAS,PREMIUM,LATA,0.33
61280,Brand 1,BEBIDAS CARBONATADAS,GASEOSAS,PREMIUM,LATA,0.33
297990,Brand 22,BEBIDAS CARBONATADAS,GASEOSAS,PREMIUM,BOTELLA,0.33
61348,Brand 22,BEBIDAS CARBONATADAS,GASEOSAS,PREMIUM,BOTELLA,0.33
123360,Brand 5,BEBIDAS CARBONATADAS,GASEOSAS,PREMIUM,BOTELLA,0.5
49524,Brand 5,BEBIDAS CARBONATADAS,GASEOSAS,PREMIUM,BOTELLA,0.5
56120,Brand 58,BEBIDAS NO CARBONATADAS,JUGOS,HIGH,TETRA,1.0
56352,Brand 58,BEBIDAS NO CARBONATADAS,JUGOS,HIGH,TETRA,0.25
56304,Brand 58,BEBIDAS NO CARBONATADAS,JUGOS,HIGH,TETRA,1.0
56348,Brand 58,BEBIDAS NO CARBONATADAS,JUGOS,HIGH,TETRA,0.25
56136,Brand 58,BEBIDAS NO CARBONATADAS,JUGOS,HIGH,TETRA,1.0
56344,Brand 58,BEBIDAS NO CARBONATADAS,JUGOS,HIGH,TETRA,1.0
56182,Brand 58,BEBIDAS NO CARBONATADAS,JUGOS,HIGH,TETRA,0.25
56184,Brand 58,BEBIDAS NO CARBONATADAS,JUGOS,HIGH,TETRA,1.0
56186,Brand 58,BEBIDAS NO CARBONATADAS,JUGOS,HIGH,TETRA,1.5
56354,Brand 58,BEBIDAS NO CARBONATADAS,JUGOS,HIGH,TETRA,1.5
25482,Brand 0,BEBIDAS CARBONATADAS,GASEOSAS,PREMIUM,BOTELLA,0.33
48180,Brand 0,BEBIDAS CARBONATADAS,GASEOSAS,PREMIUM,BOTELLA,0.33
39456,Brand 0,BEBIDAS CARBONATADAS,GASEOSAS,PREMIUM,BOTELLA,0.33
3970,Brand 13,BEBIDAS CARBONATADAS,GASEOSAS,PREMIUM,BOTELLA,0.33
44310,Brand 13,BEBIDAS CARBONATADAS,GASEOSAS,PREMIUM,LATA,0.33
44308,Brand 13,BEBIDAS CARBONATADAS,GASEOSAS,PREMIUM,LATA,0.33
48178,Brand 13,BEBIDAS CARBONATADAS,GASEOSAS,PREMIUM,BOTELLA,0.33
56288,Brand 51,BEBIDAS NO CARBONATADAS,JUGOS,MEDIUM,BOTELLA,2.0
56292,Brand 51,BEBIDAS NO CARBONATADAS,JUGOS,MEDIUM,BOTELLA,0.5
3956,Brand 42,BEBIDAS CARBONATADAS,GASEOSAS,PREMIUM,BOTELLA,0.33
56366,Brand 38,BEBIDAS NO CARBONATADAS,JUGOS,HIGH,TETRA,0.25
56358,Brand 38,BEBIDAS NO CARBONATADAS,JUGOS,HIGH,TETRA,1.0
56340,Brand 38,BEBIDAS NO CARBONATADAS,JUGOS,HIGH,TETRA,1.0
56360,Brand 38,BEBIDAS NO CARBONATADAS,JUGOS,HIGH,TETRA,0.25
56362,Brand 38,BEBIDAS NO CARBONATADAS,JUGOS,HIGH,TETRA,1.0
56378,Brand 38,BEBIDAS NO CARBONATADAS,JUGOS,HIGH,TETRA,0.25
56374,Brand 38,BEBIDAS NO CARBONATADAS,JUGOS,HIGH,TETRA,1.0
56202,Brand 38,BEBIDAS NO CARBONATADAS,JUGOS,HIGH,BOTELLA,1.0
56368,Brand 38,BEBIDAS NO CARBONATADAS,JUGOS,HIGH,TETRA,0.25
56372,Brand 38,BEBIDAS NO CARBONATADAS,JUGOS,HIGH,TETRA,1.0
56380,Brand 38,BEBIDAS NO CARBONATADAS,JUGOS,HIGH,TETRA,0.25
56370,Brand 38,BEBIDAS NO CARBONATADAS,JUGOS,HIGH,TETRA,1.0
58846,Brand 38,BEBIDAS NO CARBONATADAS,JUGOS,HIGH,TETRA,0.25
56342,Brand 38,BEBIDAS NO CARBONATADAS,JUGOS,HIGH,TETRA,1.0
56364,Brand 38,BEBIDAS NO CARBONATADAS,JUGOS,HIGH,TETRA,1.0
56376,Brand 38,BEBIDAS NO CARBONATADAS,JUGOS,HIGH,TETRA,1.0
54098,Brand 14,BEBIDAS CARBONATADAS,GASEOSAS,HIGH,BOTELLA,0.66
48298,Brand 14,BEBIDAS CARBONATADAS,GASEOSAS,HIGH,LATA,0.25
50002,Brand 14,BEBIDAS CARBONATADAS,GASEOSAS,HIGH,LATA,0.25
297660,Brand 14,BEBIDAS CARBONATADAS,GASEOSAS,HIGH,LATA,0.25
60714,Brand 8,BEBIDAS CARBONATADAS,GASEOSAS,LOW,LATA,0.25
61112,Brand 53,BEBIDAS NO CARBONATADAS,JUGOS,HIGH,BOTELLA,1.5
61114,Brand 53,BEBIDAS NO CARBONATADAS,JUGOS,HIGH,BOTELLA,1.5
56130,Brand 53,BEBIDAS NO CARBONATADAS,JUGOS,HIGH,BOTELLA,0.5
56140,Brand 53,BEBIDAS NO CARBONATADAS,JUGOS,HIGH,BOTELLA,1.5
56272,Brand 53,BEBIDAS NO CARBONATADAS,JUGOS,HIGH,BOTELLA,0.5
56280,Brand 53,BEBIDAS NO CARBONATADAS,JUGOS,HIGH,BOTELLA,1.5
56278,Brand 53,BEBIDAS NO CARBONATADAS,JUGOS,HIGH,BOTELLA,0.5
56274,Brand 53,BEBIDAS NO CARBONATADAS,JUGOS,HIGH,BOTELLA,1.5
21964,Brand 4,BEBIDAS CARBONATADAS,GASEOSAS,LOW,BOTELLA,0.33
3096,Brand 4,BEBIDAS CARBONATADAS,GASEOSAS,LOW,BOTELLA,0.66
24,Brand 4,BEBIDAS CARBONATADAS,GASEOSAS,LOW,BOTELLA,0.66
56,Brand 4,BEBIDAS CARBONATADAS,GASEOSAS,LOW,BOTELLA,1.0
36188,Brand 4,BEBIDAS CARBONATADAS,GASEOSAS,LOW,KEG,20.0
33292,Brand 4,BEBIDAS CARBONATADAS,GASEOSAS,LOW,LATA,0.25
33876,Brand 4,BEBIDAS CARBONATADAS,GASEOSAS,LOW,LATA,0.25
58222,Brand 6,BEBIDAS NO CARBONATADAS,JUGOS,MEDIUM,BOTELLA,2.0
58220,Brand 6,BEBIDAS NO CARBONATADAS,JUGOS,MEDIUM,BOTELLA,0.5
50264,Brand 3,BEBIDAS CARBONATADAS,GASEOSAS,MEDIUM,BOTELLA,0.33
50266,Brand 3,BEBIDAS CARBONATADAS,GASEOSAS,MEDIUM,BOTELLA,0.33
51494,Brand 3,BEBIDAS CARBONATADAS,GASEOSAS,MEDIUM,BOTELLA,0.33
50268,Brand 3,BEBIDAS CARBONATADAS,GASEOSAS,MEDIUM,LATA,0.25
297284,Brand 3,BEBIDAS CARBONATADAS,GASEOSAS,MEDIUM,LATA,0.25
61552,Brand 3,BEBIDAS CARBONATADAS,GASEOSAS,MEDIUM,BOTELLA,0.33
297552,Brand 3,BEBIDAS CARBONATADAS,GASEOSAS,MEDIUM,BOTELLA,0.33
297542,Brand 3,BEBIDAS CARBONATADAS,GASEOSAS,MEDIUM,BOTELLA,1.0
61542,Brand 3,BEBIDAS CARBONATADAS,GASEOSAS,MEDIUM,BOTELLA,1.0
297556,Brand 3,BEBIDAS CARBONATADAS,GASEOSAS,MEDIUM,LATA,0.25
297558,Brand 3,BEBIDAS CARBONATADAS,GASEOSAS,MEDIUM,LATA,0.25
61556,Brand 3,BEBIDAS CARBONATADAS,GASEOSAS,MEDIUM,LATA,0.25
61560,Brand 3,BEBIDAS CARBONATADAS,GASEOSAS,MEDIUM,LATA,0.25
297554,Brand 3,BEBIDAS CARBONATADAS,GASEOSAS,MEDIUM,LATA,0.25
297560,Brand 3,BEBIDAS CARBONATADAS,GASEOSAS,MEDIUM,LATA,0.25
61554,Brand 3,BEBIDAS CARBONATADAS,GASEOSAS,MEDIUM,LATA,0.25
61558,Brand 3,BEBIDAS CARBONATADAS,GASEOSAS,MEDIUM,LATA,0.25
55296,Brand 3,BEBIDAS CARBONATADAS,GASEOSAS,MEDIUM,LATA,0.25
55472,Brand 3,BEBIDAS CARBONATADAS,GASEOSAS,MEDIUM,LATA,0.25
56610,Brand 3,BEBIDAS CARBONATADAS,GASEOSAS,MEDIUM,LATA,0.25
46582,Brand 3,BEBIDAS CARBONATADAS,GASEOSAS,MEDIUM,BOTELLA,0.33
1498,Brand 3,BEBIDAS CARBONATADAS,GASEOSAS,MEDIUM,BOTELLA,0.33
21240,Brand 3,BEBIDAS CARBONATADAS,GASEOSAS,MEDIUM,BOTELLA,0.33
24888,Brand 3,BEBIDAS CARBONATADAS,GASEOSAS,MEDIUM,BOTELLA,0.33
25218,Brand 3,BEBIDAS CARBONATADAS,GASEOSAS,MEDIUM,BOTELLA,0.33
25708,Brand 3,BEBIDAS CARBONATADAS,GASEOSAS,MEDIUM,BOTELLA,0.33
26800,Brand 3,BEBIDAS CARBONATADAS,GASEOSAS,MEDIUM,BOTELLA,0.33
29666,Brand 3,BEBIDAS CARBONATADAS,GASEOSAS,MEDIUM,BOTELLA,0.33
35846,Brand 3,BEBIDAS CARBONATADAS,GASEOSAS,MEDIUM,BOTELLA,0.33
54092,Brand 3,BEBIDAS CARBONATADAS,GASEOSAS,MEDIUM,BOTELLA,0.33
296322,Brand 3,BEBIDAS CARBONATADAS,GASEOSAS,MEDIUM,BOTELLA,0.33
1272,Brand 3,BEBIDAS CARBONATADAS,GASEOSAS,MEDIUM,BOTELLA,0.5
42540,Brand 3,BEBIDAS CARBONATADAS,GASEOSAS,MEDIUM,BOTELLA,0.66
44356,Brand 3,BEBIDAS CARBONATADAS,GASEOSAS,MEDIUM,BOTELLA,0.66
114,Brand 3,BEBIDAS CARBONATADAS,GASEOSAS,MEDIUM,BOTELLA,0.66
3188,Brand 3,BEBIDAS CARBONATADAS,GASEOSAS,MEDIUM,BOTELLA,0.66
35730,Brand 3,BEBIDAS CARBONATADAS,GASEOSAS,MEDIUM,BOTELLA,0.66
39728,Brand 3,BEBIDAS CARBONATADAS,GASEOSAS,MEDIUM,BOTELLA,0.66
296340,Brand 3,BEBIDAS CARBONATADAS,GASEOSAS,MEDIUM,BOTELLA,1.0
296342,Brand 3,BEBIDAS CARBONATADAS,GASEOSAS,MEDIUM,BOTELLA,1.0
59820,Brand 3,BEBIDAS CARBONATADAS,GASEOSAS,MEDIUM,BOTELLA,1.0
59822,Brand 3,BEBIDAS CARBONATADAS,GASEOSAS,MEDIUM,BOTELLA,1.0
297802,Brand 3,BEBIDAS CARBONATADAS,GASEOSAS,MEDIUM,BOTELLA,1.0
1304,Brand 3,BEBIDAS CARBONATADAS,GASEOSAS,MEDIUM,BOTELLA,1.0
21952,Brand 3,BEBIDAS CARBONATADAS,GASEOSAS,MEDIUM,BOTELLA,1.0
25644,Brand 3,BEBIDAS CARBONATADAS,GASEOSAS,MEDIUM,BOTELLA,1.0
35848,Brand 3,BEBIDAS CARBONATADAS,GASEOSAS,MEDIUM,BOTELLA,1.0
54094,Brand 3,BEBIDAS CARBONATADAS,GASEOSAS,MEDIUM,BOTELLA,1.0
32364,Brand 3,BEBIDAS CARBONATADAS,GASEOSAS,MEDIUM,BOTELLA,1.0
182,Brand 3,BEBIDAS CARBONATADAS,GASEOSAS,MEDIUM,BOTELLA,0.33
184,Brand 3,BEBIDAS CARBONATADAS,GASEOSAS,MEDIUM,BOTELLA,0.33
14394,Brand 3,BEBIDAS CARBONATADAS,GASEOSAS,MEDIUM,BOTELLA,0.33
33336,Brand 3,BEBIDAS CARBONATADAS,GASEOSAS,MEDIUM,KEG,20.0
1206,Brand 3,BEBIDAS CARBONATADAS,GASEOSAS,MEDIUM,KEG,20.0
40902,Brand 3,BEBIDAS CARBONATADAS,GASEOSAS,MEDIUM,KEG,20.0
297782,Brand 3,BEBIDAS CARBONATADAS,GASEOSAS,MEDIUM,KEG,20.0
1388,Brand 3,BEBIDAS CARBONATADAS,GASEOSAS,MEDIUM,LATA,0.25
1404,Brand 3,BEBIDAS CARBONATADAS,GASEOSAS,MEDIUM,LATA,0.25
11052,Brand 3,BEBIDAS CARBONATADAS,GASEOSAS,MEDIUM,LATA,0.25
28044,Brand 3,BEBIDAS CARBONATADAS,GASEOSAS,MEDIUM,LATA,0.25
35732,Brand 3,BEBIDAS CARBONATADAS,GASEOSAS,MEDIUM,LATA,0.25
37262,Brand 3,BEBIDAS CARBONATADAS,GASEOSAS,MEDIUM,LATA,0.25
50976,Brand 3,BEBIDAS CARBONATADAS,GASEOSAS,MEDIUM,LATA,0.25
51758,Brand 3,BEBIDAS CARBONATADAS,GASEOSAS,MEDIUM,LATA,0.25
56696,Brand 3,BEBIDAS CARBONATADAS,GASEOSAS,MEDIUM,LATA,0.25
296048,Brand 3,BEBIDAS CARBONATADAS,GASEOSAS,MEDIUM,LATA,0.25
296410,Brand 3,BEBIDAS CARBONATADAS,GASEOSAS,MEDIUM,LATA,0.25
1366,Brand 3,BEBIDAS CARBONATADAS,GASEOSAS,MEDIUM,LATA,0.25
1446,Brand 3,BEBIDAS CARBONATADAS,GASEOSAS,MEDIUM,LATA,0.25
11866,Brand 3,BEBIDAS CARBONATADAS,GASEOSAS,MEDIUM,LATA,0.25
43542,Brand 3,BEBIDAS CARBONATADAS,GASEOSAS,MEDIUM,LATA,0.25
44346,Brand 3,BEBIDAS CARBONATADAS,GASEOSAS,MEDIUM,LATA,0.25
44960,Brand 3,BEBIDAS CARBONATADAS,GASEOSAS,MEDIUM,LATA,0.25
46172,Brand 3,BEBIDAS CARBONATADAS,GASEOSAS,MEDIUM,LATA,0.25
48972,Brand 3,BEBIDAS CARBONATADAS,GASEOSAS,MEDIUM,LATA,0.25
49004,Brand 3,BEBIDAS CARBONATADAS,GASEOSAS,MEDIUM,LATA,0.25
49006,Brand 3,BEBIDAS CARBONATADAS,GASEOSAS,MEDIUM,LATA,0.25
49008,Brand 3,BEBIDAS CARBONATADAS,GASEOSAS,MEDIUM,LATA,0.25
53070,Brand 3,BEBIDAS CARBONATADAS,GASEOSAS,MEDIUM,LATA,0.25
21444,Brand 3,BEBIDAS CARBONATADAS,GASEOSAS,MEDIUM,LATA,0.33
116,Brand 3,BEBIDAS CARBONATADAS,GASEOSAS,MEDIUM,LATA,0.33
138,Brand 3,BEBIDAS CARBONATADAS,GASEOSAS,MEDIUM,LATA,0.33
1302,Brand 3,BEBIDAS CARBONATADAS,GASEOSAS,MEDIUM,LATA,0.33
1312,Brand 3,BEBIDAS CARBONATADAS,GASEOSAS,MEDIUM,LATA,0.33
10764,Brand 3,BEBIDAS CARBONATADAS,GASEOSAS,MEDIUM,LATA,0.33
11260,Brand 3,BEBIDAS CARBONATADAS,GASEOSAS,MEDIUM,LATA,0.33
22646,Brand 3,BEBIDAS CARBONATADAS,GASEOSAS,MEDIUM,LATA,0.33
35824,Brand 3,BEBIDAS CARBONATADAS,GASEOSAS,MEDIUM,LATA,0.33
190,Brand 3,BEBIDAS CARBONATADAS,GASEOSAS,MEDIUM,LATA,0.5
36248,Brand 3,BEBIDAS CARBONATADAS,GASEOSAS,MEDIUM,LATA,0.5
21080,Brand 27,BEBIDAS CARBONATADAS,GASEOSAS,MEDIUM,BOTELLA,0.33
21084,Brand 27,BEBIDAS CARBONATADAS,GASEOSAS,MEDIUM,BOTELLA,0.33
21338,Brand 27,BEBIDAS CARBONATADAS,GASEOSAS,MEDIUM,BOTELLA,0.33
11176,Brand 27,BEBIDAS CARBONATADAS,GASEOSAS,MEDIUM,LATA,0.33
11328,Brand 27,BEBIDAS CARBONATADAS,GASEOSAS,MEDIUM,LATA,0.33
33534,Brand 24,BEBIDAS CARBONATADAS,GASEOSAS,LOW,BOTELLA,0.33
296828,Brand 24,BEBIDAS CARBONATADAS,GASEOSAS,LOW,BOTELLA,0.33
1496,Brand 24,BEBIDAS CARBONATADAS,GASEOSAS,LOW,BOTELLA,0.66
11178,Brand 24,BEBIDAS CARBONATADAS,GASEOSAS,LOW,BOTELLA,0.66
296930,Brand 24,BEBIDAS CARBONATADAS,GASEOSAS,LOW,BOTELLA,1.0
1430,Brand 24,BEBIDAS CARBONATADAS,GASEOSAS,LOW,BOTELLA,1.0
62074,Brand 24,BEBIDAS CARBONATADAS,GASEOSAS,LOW,BOTELLA,1.0
1462,Brand 24,BEBIDAS CARBONATADAS,GASEOSAS,LOW,LATA,0.25
11262,Brand 24,BEBIDAS CARBONATADAS,GASEOSAS,LOW,LATA,0.25
297884,Brand 24,BEBIDAS CARBONATADAS,GASEOSAS,LOW,LATA,0.25
1346,Brand 24,BEBIDAS CARBONATADAS,GASEOSAS,LOW,LATA,0.33
63246,Brand 24,BEBIDAS CARBONATADAS,GASEOSAS,LOW,BOTELLA,1.0
63248,Brand 24,BEBIDAS CARBONATADAS,GASEOSAS,LOW,BOTELLA,1.0
297540,Brand 52,BEBIDAS CARBONATADAS,GASEOSAS,LOW,LATA,0.25
61540,Brand 52,BEBIDAS CARBONATADAS,GASEOSAS,LOW,LATA,0.25
56892,Brand 31,BEBIDAS CARBONATADAS,GASEOSAS,PREMIUM,LATA,0.25
56894,Brand 31,BEBIDAS CARBONATADAS,GASEOSAS,PREMIUM,LATA,0.25
1426,Brand 31,BEBIDAS CARBONATADAS,GASEOSAS,PREMIUM,BOTELLA,1.0
46632,Brand 31,BEBIDAS CARBONATADAS,GASEOSAS,PREMIUM,BOTELLA,0.5
48730,Brand 31,BEBIDAS CARBONATADAS,GASEOSAS,PREMIUM,BOTELLA,0.5
48976,Brand 31,BEBIDAS CARBONATADAS,GASEOSAS,PREMIUM,BOTELLA,0.5
48980,Brand 31,BEBIDAS CARBONATADAS,GASEOSAS,PREMIUM,BOTELLA,0.5
296908,Brand 31,BEBIDAS CARBONATADAS,GASEOSAS,PREMIUM,BOTELLA,0.5
297760,Brand 31,BEBIDAS CARBONATADAS,GASEOSAS,PREMIUM,BOTELLA,0.5
297074,Brand 31,BEBIDAS CARBONATADAS,GASEOSAS,PREMIUM,BOTELLA,0.66
3626,Brand 31,BEBIDAS CARBONATADAS,GASEOSAS,PREMIUM,BOTELLA,0.66
24976,Brand 31,BEBIDAS CARBONATADAS,GASEOSAS,PREMIUM,BOTELLA,0.66
25166,Brand 31,BEBIDAS CARBONATADAS,GASEOSAS,PREMIUM,BOTELLA,0.66
29616,Brand 31,BEBIDAS CARBONATADAS,GASEOSAS,PREMIUM,BOTELLA,0.66
29772,Brand 31,BEBIDAS CARBONATADAS,GASEOSAS,PREMIUM,BOTELLA,0.66
30020,Brand 31,BEBIDAS CARBONATADAS,GASEOSAS,PREMIUM,BOTELLA,0.66
29942,Brand 7,BEBIDAS CARBONATADAS,GASEOSAS,PREMIUM,KEG,20.0
42536,Brand 7,BEBIDAS CARBONATADAS,GASEOSAS,PREMIUM,BOTELLA,0.66
37828,Brand 7,BEBIDAS CARBONATADAS,GASEOSAS,PREMIUM,KEG,20.0
37646,Brand 7,BEBIDAS CARBONATADAS,GASEOSAS,PREMIUM,LATA,0.5
21632,Brand 7,BEBIDAS CARBONATADAS,GASEOSAS,PREMIUM,BOTELLA,0.33
21630,Brand 7,BEBIDAS CARBONATADAS,GASEOSAS,PREMIUM,BOTELLA,0.66
36564,Brand 7,BEBIDAS CARBONATADAS,GASEOSAS,PREMIUM,BOTELLA,0.66
22886,Brand 7,BEBIDAS CARBONATADAS,GASEOSAS,PREMIUM,KEG,20.0
42462,Brand 7,BEBIDAS CARBONATADAS,GASEOSAS,PREMIUM,LATA,0.5
60758,Brand 7,BEBIDAS CARBONATADAS,AGUAS SABORIZADAS,PREMIUM,BOTELLA,0.66
60972,Brand 7,BEBIDAS CARBONATADAS,AGUAS SABORIZADAS,PREMIUM,BOTELLA,0.66
53756,Brand 7,BEBIDAS CARBONATADAS,AGUAS SABORIZADAS,PREMIUM,LATA,0.5
296768,Brand 7,BEBIDAS CARBONATADAS,AGUAS SABORIZADAS,PREMIUM,LATA,0.5
297382,Brand 7,BEBIDAS CARBONATADAS,GASEOSAS,PREMIUM,BOTELLA,0.66
36568,Brand 7,BEBIDAS CARBONATADAS,GASEOSAS,PREMIUM,BOTELLA,0.66
62684,Brand 7,BEBIDAS CARBONATADAS,GASEOSAS,PREMIUM,LATA,0.5
296866,Brand 7,BEBIDAS CARBONATADAS,GASEOSAS,PREMIUM,BOTELLA,0.66
42478,Brand 7,BEBIDAS CARBONATADAS,GASEOSAS,PREMIUM,BOTELLA,0.66
42480,Brand 7,BEBIDAS CARBONATADAS,GASEOSAS,PREMIUM,KEG,20.0
41500,Brand 7,BEBIDAS CARBONATADAS,GASEOSAS,PREMIUM,KEG,20.0
296892,Brand 7,BEBIDAS CARBONATADAS,GASEOSAS,PREMIUM,LATA,0.25
45042,Brand 7,BEBIDAS CARBONATADAS,GASEOSAS,PREMIUM,LATA,0.25
45388,Brand 7,BEBIDAS CARBONATADAS,GASEOSAS,PREMIUM,LATA,0.25
45918,Brand 7,BEBIDAS CARBONATADAS,GASEOSAS,PREMIUM,LATA,0.25
11806,Brand 7,BEBIDAS CARBONATADAS,GASEOSAS,PREMIUM,BOTELLA,0.33
297548,Brand 7,BEBIDAS CARBONATADAS,GASEOSAS,PREMIUM,BOTELLA,0.66
36762,Brand 7,BEBIDAS CARBONATADAS,GASEOSAS,PREMIUM,BOTELLA,0.66
10514,Brand 7,BEBIDAS CARBONATADAS,GASEOSAS,PREMIUM,BOTELLA,0.66
296994,Brand 7,BEBIDAS CARBONATADAS,GASEOSAS,PREMIUM,KEG,20.0
22890,Brand 7,BEBIDAS CARBONATADAS,GASEOSAS,PREMIUM,KEG,20.0
23494,Brand 7,BEBIDAS CARBONATADAS,GASEOSAS,PREMIUM,KEG,20.0
296888,Brand 7,BEBIDAS CARBONATADAS,GASEOSAS,PREMIUM,LATA,0.25
45040,Brand 7,BEBIDAS CARBONATADAS,GASEOSAS,PREMIUM,LATA,0.25
45914,Brand 7,BEBIDAS CARBONATADAS,GASEOSAS,PREMIUM,LATA,0.25
56700,Brand 7,BEBIDAS CARBONATADAS,GASEOSAS,PREMIUM,LATA,0.5
42460,Brand 7,BEBIDAS CARBONATADAS,GASEOSAS,PREMIUM,LATA,0.5
46126,Brand 7,BEBIDAS CARBONATADAS,GASEOSAS,PREMIUM,LATA,0.5
11804,Brand 7,BEBIDAS CARBONATADAS,GASEOSAS,PREMIUM,BOTELLA,0.33
297496,Brand 7,BEBIDAS CARBONATADAS,GASEOSAS,PREMIUM,BOTELLA,0.66
36720,Brand 7,BEBIDAS CARBONATADAS,GASEOSAS,PREMIUM,BOTELLA,0.66
1390,Brand 7,BEBIDAS CARBONATADAS,GASEOSAS,PREMIUM,BOTELLA,0.66
296986,Brand 7,BEBIDAS CARBONATADAS,GASEOSAS,PREMIUM,KEG,20.0
22884,Brand 7,BEBIDAS CARBONATADAS,GASEOSAS,PREMIUM,KEG,20.0
23492,Brand 7,BEBIDAS CARBONATADAS,GASEOSAS,PREMIUM,KEG,20.0
296352,Brand 7,BEBIDAS CARBONATADAS,GASEOSAS,PREMIUM,KEG,20.0
296864,Brand 7,BEBIDAS CARBONATADAS,GASEOSAS,PREMIUM,LATA,0.25
45038,Brand 7,BEBIDAS CARBONATADAS,GASEOSAS,PREMIUM,LATA,0.25
45912,Brand 7,BEBIDAS CARBONATADAS,GASEOSAS,PREMIUM,LATA,0.25
59776,Brand 7,BEBIDAS CARBONATADAS,GASEOSAS,PREMIUM,LATA,0.25
59782,Brand 7,BEBIDAS CARBONATADAS,GASEOSAS,PREMIUM,LATA,0.25
296952,Brand 7,BEBIDAS CARBONATADAS,GASEOSAS,PREMIUM,LATA,0.5
297742,Brand 7,BEBIDAS CARBONATADAS,GASEOSAS,PREMIUM,LATA,0.5
53044,Brand 7,BEBIDAS CARBONATADAS,GASEOSAS,PREMIUM,LATA,0.5
53166,Brand 7,BEBIDAS CARBONATADAS,GASEOSAS,PREMIUM,LATA,0.5
37644,Brand 7,BEBIDAS CARBONATADAS,GASEOSAS,PREMIUM,LATA,0.5
37890,Brand 7,BEBIDAS CARBONATADAS,GASEOSAS,PREMIUM,LATA,0.5
297644,Brand 7,BEBIDAS CARBONATADAS,GASEOSAS,PREMIUM,LATA,0.5
44238,Brand 7,BEBIDAS CARBONATADAS,GASEOSAS,PREMIUM,KEG,20.0
44248,Brand 7,BEBIDAS CARBONATADAS,GASEOSAS,PREMIUM,LATA,0.5
44292,Brand 7,BEBIDAS CARBONATADAS,GASEOSAS,PREMIUM,LATA,0.5
44640,Brand 7,BEBIDAS CARBONATADAS,GASEOSAS,PREMIUM,LATA,0.5
296988,Brand 7,BEBIDAS CARBONATADAS,GASEOSAS,PREMIUM,LATA,0.5
27918,Brand 7,BEBIDAS CARBONATADAS,GASEOSAS,PREMIUM,BOTELLA,0.66
33294,Brand 7,BEBIDAS CARBONATADAS,GASEOSAS,PREMIUM,BOTELLA,0.66
33302,Brand 7,BEBIDAS CARBONATADAS,GASEOSAS,PREMIUM,KEG,20.0
297740,Brand 7,BEBIDAS CARBONATADAS,GASEOSAS,PREMIUM,LATA,0.5
53042,Brand 7,BEBIDAS CARBONATADAS,GASEOSAS,PREMIUM,LATA,0.5
53168,Brand 7,BEBIDAS CARBONATADAS,GASEOSAS,PREMIUM,LATA,0.5
33904,Brand 7,BEBIDAS CARBONATADAS,GASEOSAS,PREMIUM,LATA,0.5
35148,Brand 7,BEBIDAS CARBONATADAS,GASEOSAS,PREMIUM,LATA,0.5
296264,Brand 7,BEBIDAS CARBONATADAS,GASEOSAS,PREMIUM,LATA,0.5
28354,Brand 7,BEBIDAS CARBONATADAS,GASEOSAS,PREMIUM,BOTELLA,0.33
28372,Brand 7,BEBIDAS CARBONATADAS,GASEOSAS,PREMIUM,BOTELLA,0.33
46174,Brand 7,BEBIDAS CARBONATADAS,GASEOSAS,PREMIUM,LATA,0.25
296664,Brand 7,BEBIDAS CARBONATADAS,GASEOSAS,PREMIUM,KEG,20.0
296954,Brand 7,BEBIDAS CARBONATADAS,GASEOSAS,PREMIUM,LATA,0.5
44722,Brand 35,BEBIDAS CARBONATADAS,GASEOSAS,MEDIUM,BOTELLA,0.33
10638,Brand 35,BEBIDAS CARBONATADAS,GASEOSAS,MEDIUM,BOTELLA,1.0
44720,Brand 35,BEBIDAS CARBONATADAS,GASEOSAS,MEDIUM,LATA,0.25
53004,Brand 35,BEBIDAS CARBONATADAS,GASEOSAS,MEDIUM,BOTELLA,1.0
52920,Brand 35,BEBIDAS CARBONATADAS,GASEOSAS,MEDIUM,LATA,0.25
44724,Brand 35,BEBIDAS CARBONATADAS,GASEOSAS,MEDIUM,BOTELLA,0.33
10636,Brand 35,BEBIDAS CARBONATADAS,GASEOSAS,MEDIUM,BOTELLA,1.0
44718,Brand 35,BEBIDAS CARBONATADAS,GASEOSAS,MEDIUM,LATA,0.25
297364,Brand 35,BEBIDAS CARBONATADAS,GASEOSAS,MEDIUM,BOTELLA,1.0
61364,Brand 35,BEBIDAS CARBONATADAS,GASEOSAS,MEDIUM,BOTELLA,1.0
55480,Brand 35,BEBIDAS CARBONATADAS,GASEOSAS,MEDIUM,BOTELLA,0.33
55476,Brand 35,BEBIDAS CARBONATADAS,GASEOSAS,MEDIUM,BOTELLA,1.0
55478,Brand 35,BEBIDAS CARBONATADAS,GASEOSAS,MEDIUM,LATA,0.25
55474,Brand 35,BEBIDAS CARBONATADAS,GASEOSAS,MEDIUM,LATA,0.33
297502,Brand 35,BEBIDAS CARBONATADAS,GASEOSAS,MEDIUM,LATA,0.25
62400,Brand 35,BEBIDAS CARBONATADAS,GASEOSAS,MEDIUM,LATA,0.25
59818,Brand 35,BEBIDAS CARBONATADAS,GASEOSAS,MEDIUM,BOTELLA,0.33
296464,Brand 35,BEBIDAS CARBONATADAS,GASEOSAS,MEDIUM,BOTELLA,0.33
2790,Brand 35,BEBIDAS CARBONATADAS,GASEOSAS,MEDIUM,BOTELLA,0.33
23794,Brand 35,BEBIDAS CARBONATADAS,GASEOSAS,MEDIUM,BOTELLA,0.33
29516,Brand 35,BEBIDAS CARBONATADAS,GASEOSAS,MEDIUM,BOTELLA,0.33
29622,Brand 35,BEBIDAS CARBONATADAS,GASEOSAS,MEDIUM,BOTELLA,0.33
42132,Brand 35,BEBIDAS CARBONATADAS,GASEOSAS,MEDIUM,BOTELLA,0.33
59816,Brand 35,BEBIDAS CARBONATADAS,GASEOSAS,MEDIUM,BOTELLA,0.33
296336,Brand 35,BEBIDAS CARBONATADAS,GASEOSAS,MEDIUM,BOTELLA,0.33
296902,Brand 35,BEBIDAS CARBONATADAS,GASEOSAS,MEDIUM,BOTELLA,0.33
63186,Brand 35,BEBIDAS CARBONATADAS,GASEOSAS,MEDIUM,BOTELLA,0.33
174,Brand 35,BEBIDAS CARBONATADAS,GASEOSAS,MEDIUM,BOTELLA,0.66
10808,Brand 35,BEBIDAS CARBONATADAS,GASEOSAS,MEDIUM,BOTELLA,0.66
297812,Brand 35,BEBIDAS CARBONATADAS,GASEOSAS,MEDIUM,BOTELLA,0.66
296164,Brand 35,BEBIDAS CARBONATADAS,GASEOSAS,MEDIUM,BOTELLA,1.0
297058,Brand 35,BEBIDAS CARBONATADAS,GASEOSAS,MEDIUM,BOTELLA,1.0
62164,Brand 35,BEBIDAS CARBONATADAS,GASEOSAS,MEDIUM,BOTELLA,1.0
62170,Brand 35,BEBIDAS CARBONATADAS,GASEOSAS,MEDIUM,BOTELLA,1.0
8,Brand 35,BEBIDAS CARBONATADAS,GASEOSAS,MEDIUM,BOTELLA,1.0
24418,Brand 35,BEBIDAS CARBONATADAS,GASEOSAS,MEDIUM,BOTELLA,1.0
37064,Brand 35,BEBIDAS CARBONATADAS,GASEOSAS,MEDIUM,BOTELLA,1.0
297818,Brand 35,BEBIDAS CARBONATADAS,GASEOSAS,MEDIUM,BOTELLA,1.0
1372,Brand 35,BEBIDAS CARBONATADAS,GASEOSAS,MEDIUM,BOTELLA,1.0
29518,Brand 35,BEBIDAS CARBONATADAS,GASEOSAS,MEDIUM,BOTELLA,1.0
63188,Brand 35,BEBIDAS CARBONATADAS,GASEOSAS,MEDIUM,BOTELLA,1.0
60,Brand 35,BEBIDAS CARBONATADAS,GASEOSAS,MEDIUM,KEG,20.0
297788,Brand 35,BEBIDAS CARBONATADAS,GASEOSAS,MEDIUM,KEG,20.0
59168,Brand 35,BEBIDAS CARBONATADAS,GASEOSAS,MEDIUM,LATA,0.25
61028,Brand 35,BEBIDAS CARBONATADAS,GASEOSAS,MEDIUM,LATA,0.25
296702,Brand 35,BEBIDAS CARBONATADAS,GASEOSAS,MEDIUM,LATA,0.25
62872,Brand 35,BEBIDAS CARBONATADAS,GASEOSAS,MEDIUM,LATA,0.25
39186,Brand 35,BEBIDAS CARBONATADAS,GASEOSAS,MEDIUM,LATA,0.25
44312,Brand 35,BEBIDAS CARBONATADAS,GASEOSAS,MEDIUM,LATA,0.25
53066,Brand 35,BEBIDAS CARBONATADAS,GASEOSAS,MEDIUM,LATA,0.25
70,Brand 35,BEBIDAS CARBONATADAS,GASEOSAS,MEDIUM,LATA,0.33
297676,Brand 35,BEBIDAS CARBONATADAS,GASEOSAS,MEDIUM,LATA,0.33
54096,Brand 35,BEBIDAS CARBONATADAS,GASEOSAS,MEDIUM,LATA,0.33
63364,Brand 35,BEBIDAS CARBONATADAS,GASEOSAS,MEDIUM,BOTELLA,1.0
296492,Brand 35,BEBIDAS CARBONATADAS,GASEOSAS,MEDIUM,BOTELLA,1.0
296494,Brand 35,BEBIDAS CARBONATADAS,GASEOSAS,MEDIUM,BOTELLA,1.0
296872,Brand 35,BEBIDAS CARBONATADAS,GASEOSAS,MEDIUM,LATA,0.25
297418,Brand 35,BEBIDAS CARBONATADAS,GASEOSAS,MEDIUM,LATA,0.25
297964,Brand 35,BEBIDAS CARBONATADAS,GASEOSAS,MEDIUM,BOTELLA,0.33
297966,Brand 35,BEBIDAS CARBONATADAS,GASEOSAS,MEDIUM,BOTELLA,1.0
63418,Brand 35,BEBIDAS CARBONATADAS,GASEOSAS,MEDIUM,LATA,0.25
52914,Brand 35,BEBIDAS CARBONATADAS,GASEOSAS,MEDIUM,BOTELLA,0.33
59006,Brand 35,BEBIDAS CARBONATADAS,GASEOSAS,MEDIUM,LATA,0.33
63362,Brand 35,BEBIDAS CARBONATADAS,GASEOSAS,MEDIUM,BOTELLA,1.0
63492,Brand 35,BEBIDAS CARBONATADAS,GASEOSAS,MEDIUM,LATA,0.25
63490,Brand 35,BEBIDAS CARBONATADAS,GASEOSAS,MEDIUM,BOTELLA,0.33
63542,Brand 35,BEBIDAS CARBONATADAS,GASEOSAS,MEDIUM,LATA,0.25
63726,Brand 35,BEBIDAS CARBONATADAS,GASEOSAS,MEDIUM,BOTELLA,1.0
63724,Brand 35,BEBIDAS CARBONATADAS,GASEOSAS,MEDIUM,BOTELLA,1.0
63728,Brand 35,BEBIDAS CARBONATADAS,GASEOSAS,MEDIUM,BOTELLA,1.0
63720,Brand 35,BEBIDAS CARBONATADAS,GASEOSAS,MEDIUM,BOTELLA,1.0
63722,Brand 35,BEBIDAS CARBONATADAS,GASEOSAS,MEDIUM,BOTELLA,1.0
296058,Brand 35,BEBIDAS CARBONATADAS,GASEOSAS,MEDIUM,BOTELLA,1.0
296060,Brand 35,BEBIDAS CARBONATADAS,GASEOSAS,MEDIUM,BOTELLA,1.0
296072,Brand 35,BEBIDAS CARBONATADAS,GASEOSAS,MEDIUM,BOTELLA,1.0
296088,Brand 35,BEBIDAS CARBONATADAS,GASEOSAS,MEDIUM,BOTELLA,1.0
297722,Brand 35,BEBIDAS CARBONATADAS,GASEOSAS,MEDIUM,BOTELLA,1.0
54352,Brand 33,BEBIDAS CARBONATADAS,GASEOSAS,HIGH,LATA,0.25
55294,Brand 33,BEBIDAS CARBONATADAS,GASEOSAS,HIGH,LATA,0.25
55492,Brand 33,BEBIDAS CARBONATADAS,GASEOSAS,HIGH,LATA,0.25
52566,Brand 33,BEBIDAS CARBONATADAS,GASEOSAS,HIGH,BOTELLA,0.66
296444,Brand 33,BEBIDAS CARBONATADAS,GASEOSAS,HIGH,BOTELLA,1.0
297424,Brand 33,BEBIDAS CARBONATADAS,GASEOSAS,HIGH,BOTELLA,1.0
50720,Brand 33,BEBIDAS CARBONATADAS,GASEOSAS,HIGH,BOTELLA,1.0
50958,Brand 33,BEBIDAS CARBONATADAS,GASEOSAS,HIGH,BOTELLA,1.0
50260,Brand 33,BEBIDAS CARBONATADAS,GASEOSAS,HIGH,KEG,20.0
297274,Brand 33,BEBIDAS CARBONATADAS,GASEOSAS,HIGH,KEG,20.0
297476,Brand 33,BEBIDAS CARBONATADAS,GASEOSAS,HIGH,LATA,0.25
52916,Brand 33,BEBIDAS CARBONATADAS,GASEOSAS,HIGH,LATA,0.25
52918,Brand 33,BEBIDAS CARBONATADAS,GASEOSAS,HIGH,LATA,0.25
56134,Brand 30,BEBIDAS NO CARBONATADAS,JUGOS,HIGH,BOTELLA,0.5
61122,Brand 30,BEBIDAS NO CARBONATADAS,JUGOS,HIGH,BOTELLA,0.5
62612,Brand 30,BEBIDAS NO CARBONATADAS,JUGOS,HIGH,BOTELLA,0.5
61000,Brand 30,BEBIDAS NO CARBONATADAS,JUGOS,HIGH,BOTELLA,0.5
56294,Brand 30,BEBIDAS NO CARBONATADAS,JUGOS,HIGH,BOTELLA,0.5
57940,Brand 30,BEBIDAS NO CARBONATADAS,JUGOS,HIGH,BOTELLA,0.5
56350,Brand 30,BEBIDAS NO CARBONATADAS,JUGOS,HIGH,BOTELLA,1.0
62276,Brand 22,BEBIDAS CARBONATADAS,GASEOSAS,PREMIUM,BOTELLA,0.33
62614,Brand 22,BEBIDAS CARBONATADAS,GASEOSAS,PREMIUM,BOTELLA,0.33
297348,Brand 22,BEBIDAS CARBONATADAS,GASEOSAS,PREMIUM,BOTELLA,0.33
297220,Brand 22,BEBIDAS CARBONATADAS,GASEOSAS,PREMIUM,BOTELLA,0.33
56258,Brand 56,BEBIDAS NO CARBONATADAS,JUGOS,MEDIUM,BOTELLA,2.0
56284,Brand 56,BEBIDAS NO CARBONATADAS,JUGOS,MEDIUM,BOTELLA,2.0
56286,Brand 56,BEBIDAS NO CARBONATADAS,JUGOS,MEDIUM,BOTELLA,3.0
56290,Brand 56,BEBIDAS NO CARBONATADAS,JUGOS,MEDIUM,BOTELLA,2.0
56260,Brand 56,BEBIDAS NO CARBONATADAS,JUGOS,MEDIUM,BOTELLA,2.0
56298,Brand 56,BEBIDAS NO CARBONATADAS,JUGOS,MEDIUM,BOTELLA,3.0
61140,Brand 46,BEBIDAS NO CARBONATADAS,JUGOS,MEDIUM,BOTELLA,2.0
61138,Brand 46,BEBIDAS NO CARBONATADAS,JUGOS,MEDIUM,BOTELLA,2.0
61136,Brand 46,BEBIDAS NO CARBONATADAS,JUGOS,MEDIUM,BOTELLA,2.0
44924,Brand 57,BEBIDAS CARBONATADAS,AGUAS SABORIZADAS,PREMIUM,BOTELLA,0.66
44928,Brand 57,BEBIDAS CARBONATADAS,AGUAS SABORIZADAS,PREMIUM,BOTELLA,0.66
58544,Brand 57,BEBIDAS CARBONATADAS,AGUAS SABORIZADAS,PREMIUM,BOTELLA,0.66
44920,Brand 57,BEBIDAS CARBONATADAS,AGUAS SABORIZADAS,PREMIUM,BOTELLA,0.66
44962,Brand 57,BEBIDAS CARBONATADAS,AGUAS SABORIZADAS,PREMIUM,BOTELLA,0.66
58542,Brand 57,BEBIDAS CARBONATADAS,AGUAS SABORIZADAS,PREMIUM,BOTELLA,0.66
44918,Brand 57,BEBIDAS CARBONATADAS,AGUAS SABORIZADAS,PREMIUM,BOTELLA,0.66
44926,Brand 57,BEBIDAS CARBONATADAS,AGUAS SABORIZADAS,PREMIUM,BOTELLA,0.66
56222,Brand 20,BEBIDAS NO CARBONATADAS,JUGOS,MEDIUM,BOTELLA,0.5
56146,Brand 20,BEBIDAS NO CARBONATADAS,JUGOS,MEDIUM,BOTELLA,1.0
58842,Brand 20,BEBIDAS NO CARBONATADAS,JUGOS,MEDIUM,BOTELLA,0.25
61492,Brand 20,BEBIDAS NO CARBONATADAS,JUGOS,MEDIUM,BOTELLA,0.5
63260,Brand 20,BEBIDAS NO CARBONATADAS,JUGOS,MEDIUM,BOTELLA,1.0
56124,Brand 20,BEBIDAS NO CARBONATADAS,JUGOS,MEDIUM,BOTELLA,0.5
56218,Brand 20,BEBIDAS NO CARBONATADAS,JUGOS,MEDIUM,BOTELLA,0.5
56220,Brand 20,BEBIDAS NO CARBONATADAS,JUGOS,MEDIUM,BOTELLA,0.5
56144,Brand 20,BEBIDAS NO CARBONATADAS,JUGOS,MEDIUM,BOTELLA,0.25
56152,Brand 20,BEBIDAS NO CARBONATADAS,JUGOS,MEDIUM,BOTELLA,0.5
56226,Brand 20,BEBIDAS NO CARBONATADAS,JUGOS,MEDIUM,BOTELLA,0.5
56122,Brand 20,BEBIDAS NO CARBONATADAS,JUGOS,MEDIUM,BOTELLA,2.25
56148,Brand 20,BEBIDAS NO CARBONATADAS,JUGOS,MEDIUM,BOTELLA,2.25
56150,Brand 20,BEBIDAS NO CARBONATADAS,JUGOS,MEDIUM,BOTELLA,2.25
56228,Brand 20,BEBIDAS NO CARBONATADAS,JUGOS,MEDIUM,BOTELLA,3.0
57946,Brand 19,BEBIDAS NO CARBONATADAS,JUGOS,HIGH,BOTELLA,0.25
58204,Brand 19,BEBIDAS NO CARBONATADAS,JUGOS,HIGH,BOTELLA,0.5
58198,Brand 19,BEBIDAS NO CARBONATADAS,JUGOS,HIGH,BOTELLA,1.0
57942,Brand 19,BEBIDAS NO CARBONATADAS,JUGOS,HIGH,BOTELLA,1.5
56346,Brand 19,BEBIDAS NO CARBONATADAS,JUGOS,HIGH,TETRA,0.25
56306,Brand 19,BEBIDAS NO CARBONATADAS,JUGOS,HIGH,TETRA,1.0
57950,Brand 19,BEBIDAS NO CARBONATADAS,JUGOS,HIGH,BOTELLA,0.25
56356,Brand 19,BEBIDAS NO CARBONATADAS,JUGOS,HIGH,TETRA,0.25
56312,Brand 19,BEBIDAS NO CARBONATADAS,JUGOS,HIGH,TETRA,1.0
58206,Brand 19,BEBIDAS NO CARBONATADAS,JUGOS,HIGH,BOTELLA,0.5
58194,Brand 19,BEBIDAS NO CARBONATADAS,JUGOS,HIGH,BOTELLA,0.125
58196,Brand 19,BEBIDAS NO CARBONATADAS,JUGOS,HIGH,BOTELLA,0.125
58202,Brand 19,BEBIDAS NO CARBONATADAS,JUGOS,HIGH,BOTELLA,1.0
57948,Brand 19,BEBIDAS NO CARBONATADAS,JUGOS,HIGH,BOTELLA,0.25
58200,Brand 19,BEBIDAS NO CARBONATADAS,JUGOS,HIGH,BOTELLA,1.0
57944,Brand 19,BEBIDAS NO CARBONATADAS,JUGOS,HIGH,BOTELLA,1.5
56308,Brand 19,BEBIDAS NO CARBONATADAS,JUGOS,HIGH,TETRA,0.25
56310,Brand 19,BEBIDAS NO CARBONATADAS,JUGOS,HIGH,TETRA,1.0
56188,Brand 19,BEBIDAS NO CARBONATADAS,JUGOS,HIGH,BOTELLA,0.25
56190,Brand 19,BEBIDAS NO CARBONATADAS,JUGOS,HIGH,BOTELLA,0.25
56192,Brand 19,BEBIDAS NO CARBONATADAS,JUGOS,HIGH,BOTELLA,1.5
56198,Brand 19,BEBIDAS NO CARBONATADAS,JUGOS,HIGH,BOTELLA,1.5
52136,Brand 19,BEBIDAS CARBONATADAS,JUGOS,HIGH,LATA,0.5
60998,Brand 49,BEBIDAS NO CARBONATADAS,JUGOS,HIGH,TETRA,0.25
61480,Brand 49,BEBIDAS NO CARBONATADAS,JUGOS,HIGH,TETRA,0.25
60994,Brand 49,BEBIDAS NO CARBONATADAS,JUGOS,HIGH,TETRA,0.25
61476,Brand 49,BEBIDAS NO CARBONATADAS,JUGOS,HIGH,TETRA,0.25
60996,Brand 49,BEBIDAS NO CARBONATADAS,JUGOS,HIGH,TETRA,0.25
61478,Brand 49,BEBIDAS NO CARBONATADAS,JUGOS,HIGH,TETRA,0.25
61124,Brand 48,BEBIDAS NO CARBONATADAS,JUGOS,HIGH,TETRA,1.0
61134,Brand 48,BEBIDAS NO CARBONATADAS,JUGOS,HIGH,TETRA,1.5
61126,Brand 48,BEBIDAS NO CARBONATADAS,JUGOS,HIGH,TETRA,1.0
61130,Brand 48,BEBIDAS NO CARBONATADAS,JUGOS,HIGH,TETRA,1.0
61128,Brand 48,BEBIDAS NO CARBONATADAS,JUGOS,HIGH,TETRA,1.0
61132,Brand 48,BEBIDAS NO CARBONATADAS,JUGOS,HIGH,TETRA,1.5
58844,Brand 40,BEBIDAS NO CARBONATADAS,JUGOS,LOW,BOTELLA,0.25
56132,Brand 40,BEBIDAS NO CARBONATADAS,JUGOS,LOW,BOTELLA,2.0
56118,Brand 40,BEBIDAS NO CARBONATADAS,JUGOS,LOW,BOTELLA,2.0
56102,Brand 40,BEBIDAS NO CARBONATADAS,JUGOS,LOW,BOTELLA,0.25
56138,Brand 40,BEBIDAS NO CARBONATADAS,JUGOS,LOW,BOTELLA,0.5
56246,Brand 40,BEBIDAS NO CARBONATADAS,JUGOS,LOW,BOTELLA,2.0
56238,Brand 40,BEBIDAS NO CARBONATADAS,JUGOS,LOW,BOTELLA,1.0
56240,Brand 40,BEBIDAS NO CARBONATADAS,JUGOS,LOW,BOTELLA,1.5
56244,Brand 40,BEBIDAS NO CARBONATADAS,JUGOS,LOW,BOTELLA,2.0
56242,Brand 40,BEBIDAS NO CARBONATADAS,JUGOS,LOW,BOTELLA,0.5
56170,Brand 40,BEBIDAS NO CARBONATADAS,JUGOS,LOW,BOTELLA,0.25
56178,Brand 40,BEBIDAS NO CARBONATADAS,JUGOS,LOW,BOTELLA,2.0
56230,Brand 40,BEBIDAS NO CARBONATADAS,JUGOS,LOW,BOTELLA,1.0
56224,Brand 40,BEBIDAS NO CARBONATADAS,JUGOS,LOW,BOTELLA,1.0
56168,Brand 40,BEBIDAS NO CARBONATADAS,JUGOS,LOW,BOTELLA,1.5
56172,Brand 40,BEBIDAS NO CARBONATADAS,JUGOS,LOW,BOTELLA,2.0
56336,Brand 40,BEBIDAS NO CARBONATADAS,JUGOS,LOW,BOTELLA,0.25
56174,Brand 40,BEBIDAS NO CARBONATADAS,JUGOS,LOW,BOTELLA,0.5
58224,Brand 40,BEBIDAS NO CARBONATADAS,JUGOS,LOW,BOTELLA,10.0
56176,Brand 40,BEBIDAS NO CARBONATADAS,JUGOS,LOW,BOTELLA,3.0
56154,Brand 40,BEBIDAS NO CARBONATADAS,JUGOS,LOW,BOTELLA,0.5
56142,Brand 40,BEBIDAS NO CARBONATADAS,JUGOS,LOW,BOTELLA,2.0
56126,Brand 40,BEBIDAS NO CARBONATADAS,JUGOS,LOW,BOTELLA,0.33
56158,Brand 40,BEBIDAS NO CARBONATADAS,JUGOS,LOW,BOTELLA,1.0
56162,Brand 40,BEBIDAS NO CARBONATADAS,JUGOS,LOW,BOTELLA,1.5
56160,Brand 40,BEBIDAS NO CARBONATADAS,JUGOS,LOW,BOTELLA,2.0
56330,Brand 40,BEBIDAS NO CARBONATADAS,JUGOS,LOW,BOTELLA,0.25
56156,Brand 40,BEBIDAS NO CARBONATADAS,JUGOS,LOW,BOTELLA,0.5
56166,Brand 40,BEBIDAS NO CARBONATADAS,JUGOS,LOW,BOTELLA,3.0
60666,Brand 12,BEBIDAS NO CARBONATADAS,JUGOS,LOW,BOTELLA,1.0
60664,Brand 12,BEBIDAS NO CARBONATADAS,JUGOS,LOW,BOTELLA,0.25
63256,Brand 12,BEBIDAS NO CARBONATADAS,JUGOS,LOW,BOTELLA,0.25
296040,Brand 31,BEBIDAS CARBONATADAS,GASEOSAS,PREMIUM,BOTELLA,0.25
296068,Brand 31,BEBIDAS CARBONATADAS,GASEOSAS,PREMIUM,BOTELLA,0.25
296104,Brand 24,BEBIDAS CARBONATADAS,GASEOSAS,LOW,BOTELLA,1.0
296106,Brand 24,BEBIDAS CARBONATADAS,GASEOSAS,LOW,BOTELLA,1.0
296198,Brand 7,BEBIDAS CARBONATADAS,GASEOSAS,PREMIUM,LATA,0.5
296344,Brand 3,BEBIDAS CARBONATADAS,GASEOSAS,MEDIUM,LATA,0.25
296366,Brand 15,BEBIDAS CARBONATADAS,AGUAS SABORIZADAS,LOW,LATA,0.25
296446,Brand 33,BEBIDAS CARBONATADAS,GASEOSAS,HIGH,LATA,0.31
296448,Brand 33,BEBIDAS CARBONATADAS,GASEOSAS,HIGH,LATA,0.31
296860,Brand 44,BEBIDAS CARBONATADAS,GASEOSAS,HIGH,BOTELLA,0.25
50468,Brand 33,BEBIDAS CARBONATADAS,GASEOSAS,HIGH,LATA,0.31
297322,Brand 44,BEBIDAS CARBONATADAS,GASEOSAS,HIGH,BOTELLA,0.25
297374,Brand 31,BEBIDAS CARBONATADAS,GASEOSAS,PREMIUM,LATA,0.25
50722,Brand 33,BEBIDAS CARBONATADAS,GASEOSAS,HIGH,LATA,0.31
297442,Brand 54,BEBIDAS CARBONATADAS,GASEOSAS,HIGH,LATA,0.25
297490,Brand 54,BEBIDAS CARBONATADAS,GASEOSAS,HIGH,BOTELLA,0.33
297508,Brand 44,BEBIDAS CARBONATADAS,GASEOSAS,HIGH,BOTELLA,0.25
297510,Brand 44,BEBIDAS CARBONATADAS,GASEOSAS,HIGH,LATA,0.25
297516,Brand 7,BEBIDAS CARBONATADAS,GASEOSAS,PREMIUM,LATA,0.5
297662,Brand 7,BEBIDAS CARBONATADAS,GASEOSAS,PREMIUM,KEG,20.0
297720,Brand 54,BEBIDAS CARBONATADAS,GASEOSAS,HIGH,BOTELLA,0.33
50724,Brand 33,BEBIDAS CARBONATADAS,GASEOSAS,HIGH,LATA,0.31
51580,Brand 33,BEBIDAS CARBONATADAS,GASEOSAS,HIGH,LATA,0.31
62860,Brand 44,BEBIDAS CARBONATADAS,GASEOSAS,HIGH,BOTELLA,0.25
63220,Brand 31,BEBIDAS CARBONATADAS,GASEOSAS,PREMIUM,BOTELLA,0.25
54082,Brand 33,BEBIDAS CARBONATADAS,GASEOSAS,HIGH,BOTELLA,0.66
63510,Brand 44,BEBIDAS CARBONATADAS,GASEOSAS,HIGH,LATA,0.25
63538,Brand 31,BEBIDAS CARBONATADAS,GASEOSAS,PREMIUM,LATA,0.25
63540,Brand 54,BEBIDAS CARBONATADAS,GASEOSAS,HIGH,BOTELLA,0.33
297606,Brand 1,BEBIDAS CARBONATADAS,GASEOSAS,PREMIUM,BOTELLA,0.33
56712,Brand 33,BEBIDAS CARBONATADAS,GASEOSAS,HIGH,BOTELLA,0.66
63650,Brand 50,BEBIDAS NO CARBONATADAS,JUGOS,LOW,BOTELLA,0.25
63652,Brand 50,BEBIDAS NO CARBONATADAS,JUGOS,LOW,BOTELLA,0.25
63664,Brand 40,BEBIDAS NO CARBONATADAS,JUGOS,LOW,BOTELLA,0.25
63672,Brand 40,BEBIDAS NO CARBONATADAS,JUGOS,LOW,BOTELLA,1.0
63670,Brand 40,BEBIDAS NO CARBONATADAS,JUGOS,LOW,BOTELLA,1.0
63666,Brand 50,BEBIDAS NO CARBONATADAS,JUGOS,LOW,BOTELLA,1.0
63654,Brand 50,BEBIDAS NO CARBONATADAS,JUGOS,LOW,BOTELLA,1.0
63668,Brand 40,BEBIDAS NO CARBONATADAS,JUGOS,LOW,BOTELLA,1.0
63674,Brand 18,BEBIDAS NO CARBONATADAS,JUGOS,LOW,LATA,0.33
63676,Brand 47,BEBIDAS NO CARBONATADAS,JUGOS,LOW,LATA,0.33
63678,Brand 17,BEBIDAS NO CARBONATADAS,JUGOS,LOW,LATA,0.33
63772,Brand 48,BEBIDAS NO CARBONATADAS,JUGOS,HIGH,BOTELLA,0.25
63774,Brand 48,BEBIDAS NO CARBONATADAS,JUGOS,HIGH,BOTELLA,1.5
63508,Brand 44,BEBIDAS CARBONATADAS,GASEOSAS,HIGH,BOTELLA,0.25
1308,Brand 3,BEBIDAS CARBONATADAS,GASEOSAS,MEDIUM,LATA,0.25
53808,Brand 3,BEBIDAS CARBONATADAS,GASEOSAS,MEDIUM,LATA,0.25
50256,Brand 31,BEBIDAS CARBONATADAS,GASEOSAS,PREMIUM,LATA,0.31
50262,Brand 31,BEBIDAS CARBONATADAS,GASEOSAS,PREMIUM,LATA,0.31
53810,Brand 3,BEBIDAS CARBONATADAS,GASEOSAS,MEDIUM,LATA,0.25
3394,Brand 36,BEBIDAS CARBONATADAS,GASEOSAS,MEDIUM,BOTELLA,0.33
51756,Brand 31,BEBIDAS CARBONATADAS,GASEOSAS,PREMIUM,KEG,20.0
11098,Brand 31,BEBIDAS CARBONATADAS,GASEOSAS,PREMIUM,BOTELLA,0.66
33288,Brand 31,BEBIDAS CARBONATADAS,GASEOSAS,PREMIUM,BOTELLA,0.33
57412,Brand 33,BEBIDAS CARBONATADAS,GASEOSAS,HIGH,BOTELLA,1.0
52122,Brand 7,BEBIDAS CARBONATADAS,GASEOSAS,PREMIUM,BOTELLA,0.66
53156,Brand 10,BEBIDAS CARBONATADAS,GASEOSAS,PREMIUM,LATA,0.31
53172,Brand 10,BEBIDAS CARBONATADAS,GASEOSAS,PREMIUM,LATA,0.25
53174,Brand 10,BEBIDAS CARBONATADAS,GASEOSAS,PREMIUM,LATA,0.25
53634,Brand 31,BEBIDAS CARBONATADAS,GASEOSAS,PREMIUM,LATA,0.25
56698,Brand 3,BEBIDAS CARBONATADAS,GASEOSAS,MEDIUM,LATA,0.25
54084,Brand 1,BEBIDAS CARBONATADAS,GASEOSAS,PREMIUM,BOTELLA,0.33
54086,Brand 1,BEBIDAS CARBONATADAS,GASEOSAS,PREMIUM,BOTELLA,0.33
54292,Brand 33,BEBIDAS CARBONATADAS,GASEOSAS,HIGH,LATA,0.25
54100,Brand 14,BEBIDAS CARBONATADAS,GASEOSAS,HIGH,BOTELLA,0.66
1310,Brand 10,BEBIDAS CARBONATADAS,GASEOSAS,PREMIUM,LATA,0.33
1314,Brand 10,BEBIDAS CARBONATADAS,GASEOSAS,PREMIUM,LATA,0.33
1460,Brand 3,BEBIDAS CARBONATADAS,GASEOSAS,MEDIUM,BOTELLA,0.33
38388,Brand 60,BEBIDAS CARBONATADAS,GASEOSAS,HIGH,BOTELLA,0.33
46274,Brand 60,BEBIDAS CARBONATADAS,GASEOSAS,HIGH,BOTELLA,1.0
37084,Brand 60,BEBIDAS CARBONATADAS,GASEOSAS,HIGH,BOTELLA,0.33
56486,Brand 31,BEBIDAS CARBONATADAS,GASEOSAS,PREMIUM,LATA,0.31
37752,Brand 60,BEBIDAS CARBONATADAS,GASEOSAS,HIGH,KEG,20.0
57536,Brand 10,BEBIDAS CARBONATADAS,GASEOSAS,PREMIUM,LATA,0.5
62858,Brand 44,BEBIDAS CARBONATADAS,GASEOSAS,HIGH,BOTELLA,0.25
62842,Brand 26,BEBIDAS CARBONATADAS,GASEOSAS,HIGH,LATA,0.25
38292,Brand 60,BEBIDAS CARBONATADAS,GASEOSAS,HIGH,LATA,0.25
63132,Brand 31,BEBIDAS CARBONATADAS,GASEOSAS,PREMIUM,BOTELLA,0.25
63294,Brand 44,BEBIDAS CARBONATADAS,GASEOSAS,HIGH,LATA,0.25
46270,Brand 60,BEBIDAS CARBONATADAS,GASEOSAS,HIGH,BOTELLA,1.0
41552,Brand 60,BEBIDAS CARBONATADAS,GASEOSAS,HIGH,BOTELLA,0.33
41556,Brand 60,BEBIDAS CARBONATADAS,GASEOSAS,HIGH,KEG,20.0
63420,Brand 37,BEBIDAS CARBONATADAS,GASEOSAS,MEDIUM,LATA,0.25
62894,Brand 7,BEBIDAS CARBONATADAS,GASEOSAS,PREMIUM,KEG,20.0
62882,Brand 7,BEBIDAS CARBONATADAS,GASEOSAS,PREMIUM,BOTELLA,0.66
41554,Brand 60,BEBIDAS CARBONATADAS,GASEOSAS,HIGH,LATA,0.25
46272,Brand 60,BEBIDAS CARBONATADAS,GASEOSAS,HIGH,BOTELLA,1.0
41512,Brand 60,BEBIDAS CARBONATADAS,GASEOSAS,HIGH,BOTELLA,0.33
63564,Brand 44,BEBIDAS CARBONATADAS,GASEOSAS,HIGH,BOTELLA,0.25
63712,Brand 44,BEBIDAS CARBONATADAS,GASEOSAS,HIGH,BOTELLA,0.25
63714,Brand 3,BEBIDAS CARBONATADAS,GASEOSAS,MEDIUM,BOTELLA,1.0
63716,Brand 3,BEBIDAS CARBONATADAS,GASEOSAS,MEDIUM,BOTELLA,0.33
63718,Brand 3,BEBIDAS CARBONATADAS,GASEOSAS,MEDIUM,LATA,0.25
41514,Brand 60,BEBIDAS CARBONATADAS,GASEOSAS,HIGH,BOTELLA,0.33
41520,Brand 60,BEBIDAS CARBONATADAS,GASEOSAS,HIGH,KEG,20.0
41518,Brand 60,BEBIDAS CARBONATADAS,GASEOSAS,HIGH,LATA,0.25
38698,Brand 60,BEBIDAS CARBONATADAS,GASEOSAS,HIGH,BOTELLA,0.66
38290,Brand 60,BEBIDAS CARBONATADAS,GASEOSAS,HIGH,BOTELLA,0.33
41516,Brand 60,BEBIDAS CARBONATADAS,GASEOSAS,HIGH,BOTELLA,0.33
41558,Brand 60,BEBIDAS CARBONATADAS,GASEOSAS,HIGH,BOTELLA,0.33
296062,Brand 3,BEBIDAS CARBONATADAS,GASEOSAS,MEDIUM,BOTELLA,1.0
296064,Brand 3,BEBIDAS CARBONATADAS,GASEOSAS,MEDIUM,BOTELLA,0.33
296066,Brand 3,BEBIDAS CARBONATADAS,GASEOSAS,MEDIUM,LATA,0.25
51492,Brand 60,BEBIDAS CARBONATADAS,GASEOSAS,HIGH,LATA,0.25
1320,Brand 32,BEBIDAS CARBONATADAS,GASEOSAS,MEDIUM,BOTELLA,0.66
1316,Brand 32,BEBIDAS CARBONATADAS,GASEOSAS,MEDIUM,BOTELLA,0.33
33900,Brand 35,BEBIDAS CARBONATADAS,GASEOSAS,MEDIUM,BOTELLA,0.66
63802,Brand 35,BEBIDAS CARBONATADAS,GASEOSAS,MEDIUM,BOTELLA,0.66
63940,Brand 54,BEBIDAS CARBONATADAS,GASEOSAS,HIGH,LATA,0.25
63944,Brand 54,BEBIDAS CARBONATADAS,GASEOSAS,HIGH,LATA,0.25
63946,Brand 54,BEBIDAS CARBONATADAS,GASEOSAS,HIGH,LATA,0.25
3972,Brand 23,BEBIDAS CARBONATADAS,GASEOSAS,PREMIUM,BOTELLA,0.33
63136,Brand 54,BEBIDAS CARBONATADAS,GASEOSAS,HIGH,BOTELLA,0.33
53394,Brand 54,BEBIDAS CARBONATADAS,GASEOSAS,HIGH,BOTELLA,0.33
53406,Brand 54,BEBIDAS CARBONATADAS,GASEOSAS,HIGH,BOTELLA,0.33
297652,Brand 54,BEBIDAS CARBONATADAS,GASEOSAS,HIGH,BOTELLA,0.33
296728,Brand 54,BEBIDAS CARBONATADAS,GASEOSAS,HIGH,LATA,0.33
53160,Brand 54,BEBIDAS CARBONATADAS,GASEOSAS,HIGH,LATA,0.33
63360,Brand 54,BEBIDAS CARBONATADAS,GASEOSAS,HIGH,LATA,0.25
296766,Brand 15,BEBIDAS CARBONATADAS,AGUAS SABORIZADAS,LOW,LATA,0.25
55638,Brand 15,BEBIDAS CARBONATADAS,AGUAS SABORIZADAS,LOW,LATA,0.25
55632,Brand 15,BEBIDAS CARBONATADAS,AGUAS SABORIZADAS,LOW,BOTELLA,0.25
296958,Brand 15,BEBIDAS CARBONATADAS,AGUAS SABORIZADAS,LOW,BOTELLA,0.25
297772,Brand 15,BEBIDAS CARBONATADAS,AGUAS SABORIZADAS,LOW,LATA,0.25
54864,Brand 15,BEBIDAS CARBONATADAS,AGUAS SABORIZADAS,LOW,LATA,0.25
297792,Brand 15,BEBIDAS CARBONATADAS,AGUAS SABORIZADAS,LOW,LATA,0.33
52126,Brand 15,BEBIDAS CARBONATADAS,AGUAS SABORIZADAS,LOW,LATA,0.33
57522,Brand 15,BEBIDAS CARBONATADAS,AGUAS SABORIZADAS,LOW,BOTELLA,0.25
296076,Brand 15,BEBIDAS CARBONATADAS,AGUAS SABORIZADAS,LOW,BOTELLA,0.25
63344,Brand 15,BEBIDAS CARBONATADAS,AGUAS SABORIZADAS,LOW,LATA,0.25
13204,Brand 39,BEBIDAS CARBONATADAS,AGUAS SABORIZADAS,PREMIUM,BOTELLA,1.0
16444,Brand 39,BEBIDAS CARBONATADAS,AGUAS SABORIZADAS,PREMIUM,BOTELLA,1.0
21716,Brand 39,BEBIDAS CARBONATADAS,AGUAS SABORIZADAS,PREMIUM,BOTELLA,1.0
26850,Brand 39,BEBIDAS CARBONATADAS,AGUAS SABORIZADAS,PREMIUM,BOTELLA,1.0
11168,Brand 39,BEBIDAS CARBONATADAS,AGUAS SABORIZADAS,PREMIUM,LATA,0.25
22644,Brand 39,BEBIDAS CARBONATADAS,AGUAS SABORIZADAS,PREMIUM,LATA,0.25
5990,Brand 39,BEBIDAS CARBONATADAS,AGUAS SABORIZADAS,PREMIUM,LATA,0.25
58208,Brand 43,BEBIDAS NO CARBONATADAS,JUGOS,HIGH,BOTELLA,0.5
57952,Brand 43,BEBIDAS NO CARBONATADAS,JUGOS,HIGH,BOTELLA,0.5
57954,Brand 43,BEBIDAS NO CARBONATADAS,JUGOS,HIGH,BOTELLA,0.5
3782,Brand 9,BEBIDAS CARBONATADAS,GASEOSAS,LOW,BOTELLA,0.33
1824,Brand 9,BEBIDAS CARBONATADAS,GASEOSAS,LOW,LATA,0.25
13362,Brand 9,BEBIDAS CARBONATADAS,GASEOSAS,LOW,LATA,0.25
3780,Brand 9,BEBIDAS CARBONATADAS,GASEOSAS,LOW,LATA,0.33
26604,Brand 9,BEBIDAS CARBONATADAS,GASEOSAS,LOW,LATA,0.33
297128,Brand 21,BEBIDAS CARBONATADAS,AGUAS SABORIZADAS,MEDIUM,BOTELLA,0.66
44664,Brand 21,BEBIDAS CARBONATADAS,AGUAS SABORIZADAS,MEDIUM,BOTELLA,0.66
50794,Brand 21,BEBIDAS CARBONATADAS,AGUAS SABORIZADAS,MEDIUM,BOTELLA,0.66
50968,Brand 21,BEBIDAS CARBONATADAS,AGUAS SABORIZADAS,MEDIUM,BOTELLA,0.66
44646,Brand 21,BEBIDAS CARBONATADAS,AGUAS SABORIZADAS,MEDIUM,BOTELLA,0.66
58502,Brand 21,BEBIDAS CARBONATADAS,AGUAS SABORIZADAS,MEDIUM,BOTELLA,0.66
44660,Brand 21,BEBIDAS CARBONATADAS,AGUAS SABORIZADAS,MEDIUM,BOTELLA,0.66
58504,Brand 21,BEBIDAS CARBONATADAS,AGUAS SABORIZADAS,MEDIUM,BOTELLA,0.66
49012,Brand 21,BEBIDAS CARBONATADAS,AGUAS SABORIZADAS,MEDIUM,BOTELLA,0.66
58506,Brand 21,BEBIDAS CARBONATADAS,AGUAS SABORIZADAS,MEDIUM,BOTELLA,0.66
296304,Brand 21,BEBIDAS CARBONATADAS,AGUAS SABORIZADAS,MEDIUM,BOTELLA,0.66
44910,Brand 21,BEBIDAS CARBONATADAS,AGUAS SABORIZADAS,MEDIUM,BOTELLA,0.66
50972,Brand 21,BEBIDAS CARBONATADAS,AGUAS SABORIZADAS,MEDIUM,BOTELLA,0.66
297036,Brand 21,BEBIDAS CARBONATADAS,AGUAS SABORIZADAS,MEDIUM,BOTELLA,0.66
44644,Brand 21,BEBIDAS CARBONATADAS,AGUAS SABORIZADAS,MEDIUM,BOTELLA,0.66
50970,Brand 21,BEBIDAS CARBONATADAS,AGUAS SABORIZADAS,MEDIUM,BOTELLA,0.66
297124,Brand 28,BEBIDAS CARBONATADAS,AGUAS SABORIZADAS,HIGH,BOTELLA,0.66
44662,Brand 28,BEBIDAS CARBONATADAS,AGUAS SABORIZADAS,HIGH,BOTELLA,0.66
296372,Brand 28,BEBIDAS CARBONATADAS,AGUAS SABORIZADAS,HIGH,BOTELLA,0.66
44934,Brand 28,BEBIDAS CARBONATADAS,AGUAS SABORIZADAS,HIGH,BOTELLA,0.66
297112,Brand 28,BEBIDAS CARBONATADAS,AGUAS SABORIZADAS,HIGH,BOTELLA,0.66
44648,Brand 28,BEBIDAS CARBONATADAS,AGUAS SABORIZADAS,HIGH,BOTELLA,0.66
50960,Brand 28,BEBIDAS CARBONATADAS,AGUAS SABORIZADAS,HIGH,BOTELLA,0.66
50962,Brand 28,BEBIDAS CARBONATADAS,AGUAS SABORIZADAS,HIGH,BOTELLA,0.66
50964,Brand 28,BEBIDAS CARBONATADAS,AGUAS SABORIZADAS,HIGH,BOTELLA,0.66
16358,Brand 34,BEBIDAS CARBONATADAS,GASEOSAS,MEDIUM,BOTELLA,0.33
48862,Brand 34,BEBIDAS CARBONATADAS,GASEOSAS,MEDIUM,BOTELLA,0.33
297500,Brand 34,BEBIDAS CARBONATADAS,GASEOSAS,MEDIUM,BOTELLA,0.33
48860,Brand 34,BEBIDAS CARBONATADAS,GASEOSAS,MEDIUM,BOTELLA,0.33
297060,Brand 34,BEBIDAS CARBONATADAS,GASEOSAS,MEDIUM,BOTELLA,1.0
297520,Brand 34,BEBIDAS CARBONATADAS,GASEOSAS,MEDIUM,BOTELLA,1.0
62166,Brand 34,BEBIDAS CARBONATADAS,GASEOSAS,MEDIUM,BOTELLA,1.0
62376,Brand 34,BEBIDAS CARBONATADAS,GASEOSAS,MEDIUM,BOTELLA,1.0
297816,Brand 34,BEBIDAS CARBONATADAS,GASEOSAS,MEDIUM,BOTELLA,1.0
1370,Brand 34,BEBIDAS CARBONATADAS,GASEOSAS,MEDIUM,BOTELLA,1.0
48864,Brand 34,BEBIDAS CARBONATADAS,GASEOSAS,MEDIUM,BOTELLA,1.0
10652,Brand 34,BEBIDAS CARBONATADAS,GASEOSAS,MEDIUM,LATA,0.25
61672,Brand 34,BEBIDAS CARBONATADAS,GASEOSAS,MEDIUM,LATA,0.25
297244,Brand 34,BEBIDAS CARBONATADAS,GASEOSAS,MEDIUM,LATA,0.25
297672,Brand 34,BEBIDAS CARBONATADAS,GASEOSAS,MEDIUM,LATA,0.25
1492,Brand 34,BEBIDAS CARBONATADAS,GASEOSAS,MEDIUM,LATA,0.25
44146,Brand 34,BEBIDAS CARBONATADAS,GASEOSAS,MEDIUM,LATA,0.25
48858,Brand 34,BEBIDAS CARBONATADAS,GASEOSAS,MEDIUM,LATA,0.25
53068,Brand 34,BEBIDAS CARBONATADAS,GASEOSAS,MEDIUM,LATA,0.25
124,Brand 34,BEBIDAS CARBONATADAS,GASEOSAS,MEDIUM,LATA,0.33
32796,Brand 34,BEBIDAS CARBONATADAS,GASEOSAS,MEDIUM,LATA,0.33
33066,Brand 34,BEBIDAS CARBONATADAS,GASEOSAS,MEDIUM,LATA,0.33
44042,Brand 34,BEBIDAS CARBONATADAS,GASEOSAS,MEDIUM,LATA,0.33
297800,Brand 34,BEBIDAS CARBONATADAS,GASEOSAS,MEDIUM,LATA,0.33
37260,Brand 34,BEBIDAS CARBONATADAS,GASEOSAS,MEDIUM,LATA,0.5
10818,Brand 7,BEBIDAS CARBONATADAS,GASEOSAS,PREMIUM,BOTELLA,0.33
297498,Brand 7,BEBIDAS CARBONATADAS,GASEOSAS,PREMIUM,BOTELLA,0.66
36722,Brand 7,BEBIDAS CARBONATADAS,GASEOSAS,PREMIUM,BOTELLA,0.66
10512,Brand 7,BEBIDAS CARBONATADAS,GASEOSAS,PREMIUM,BOTELLA,0.66
296992,Brand 7,BEBIDAS CARBONATADAS,GASEOSAS,PREMIUM,KEG,20.0
22888,Brand 7,BEBIDAS CARBONATADAS,GASEOSAS,PREMIUM,KEG,20.0
23516,Brand 7,BEBIDAS CARBONATADAS,GASEOSAS,PREMIUM,KEG,20.0
296890,Brand 7,BEBIDAS CARBONATADAS,GASEOSAS,PREMIUM,LATA,0.25
45044,Brand 7,BEBIDAS CARBONATADAS,GASEOSAS,PREMIUM,LATA,0.25
45916,Brand 7,BEBIDAS CARBONATADAS,GASEOSAS,PREMIUM,LATA,0.25
296218,Brand 7,BEBIDAS CARBONATADAS,GASEOSAS,PREMIUM,LATA,0.5
296388,Brand 7,BEBIDAS CARBONATADAS,GASEOSAS,PREMIUM,LATA,0.5
52620,Brand 7,BEBIDAS CARBONATADAS,GASEOSAS,PREMIUM,LATA,0.5
57056,Brand 7,BEBIDAS CARBONATADAS,GASEOSAS,PREMIUM,LATA,0.5
37648,Brand 7,BEBIDAS CARBONATADAS,GASEOSAS,PREMIUM,LATA,0.5
37898,Brand 7,BEBIDAS CARBONATADAS,GASEOSAS,PREMIUM,LATA,0.5
51324,Brand 7,BEBIDAS CARBONATADAS,GASEOSAS,PREMIUM,LATA,0.5
63118,Brand 7,BEBIDAS CARBONATADAS,GASEOSAS,PREMIUM,KEG,20.0
48780,Brand 7,BEBIDAS CARBONATADAS,GASEOSAS,PREMIUM,KEG,20.0
48782,Brand 7,BEBIDAS CARBONATADAS,GASEOSAS,PREMIUM,LATA,0.5
54858,Brand 7,BEBIDAS CARBONATADAS,GASEOSAS,PREMIUM,LATA,0.5
54980,Brand 7,BEBIDAS CARBONATADAS,GASEOSAS,PREMIUM,LATA,0.5
44668,Brand 25,BEBIDAS CARBONATADAS,AGUAS SABORIZADAS,MEDIUM,BOTELLA,0.66
49016,Brand 25,BEBIDAS CARBONATADAS,AGUAS SABORIZADAS,MEDIUM,BOTELLA,0.66
49014,Brand 25,BEBIDAS CARBONATADAS,AGUAS SABORIZADAS,MEDIUM,BOTELLA,0.66
58836,Brand 59,BEBIDAS NO CARBONATADAS,JUGOS,LOW,BOTELLA,0.33
58838,Brand 59,BEBIDAS NO CARBONATADAS,JUGOS,LOW,BOTELLA,0.33
58834,Brand 59,BEBIDAS NO CARBONATADAS,JUGOS,LOW,BOTELLA,0.33
58840,Brand 59,BEBIDAS NO CARBONATADAS,JUGOS,LOW,BOTELLA,0.33
56282,Brand 59,BEBIDAS NO CARBONATADAS,JUGOS,LOW,BOTELLA,2.0
56236,Brand 59,BEBIDAS NO CARBONATADAS,JUGOS,LOW,BOTELLA,0.5
56234,Brand 59,BEBIDAS NO CARBONATADAS,JUGOS,LOW,BOTELLA,2.0
56232,Brand 59,BEBIDAS NO CARBONATADAS,JUGOS,LOW,BOTELLA,0.5
56276,Brand 59,BEBIDAS NO CARBONATADAS,JUGOS,LOW,BOTELLA,2.0
56270,Brand 59,BEBIDAS NO CARBONATADAS,JUGOS,LOW,BOTELLA,0.5
61486,Brand 17,BEBIDAS NO CARBONATADAS,JUGOS,LOW,LATA,0.33
61488,Brand 17,BEBIDAS NO CARBONATADAS,JUGOS,LOW,LATA,0.33
61482,Brand 17,BEBIDAS NO CARBONATADAS,JUGOS,LOW,LATA,0.33
61484,Brand 17,BEBIDAS NO CARBONATADAS,JUGOS,LOW,LATA,0.33
52568,Brand 44,BEBIDAS CARBONATADAS,GASEOSAS,HIGH,BOTELLA,0.66
54078,Brand 44,BEBIDAS CARBONATADAS,GASEOSAS,HIGH,BOTELLA,0.66
297658,Brand 44,BEBIDAS CARBONATADAS,GASEOSAS,HIGH,BOTELLA,0.66
1424,Brand 44,BEBIDAS CARBONATADAS,GASEOSAS,HIGH,BOTELLA,0.66
297076,Brand 44,BEBIDAS CARBONATADAS,GASEOSAS,HIGH,BOTELLA,1.0
297522,Brand 44,BEBIDAS CARBONATADAS,GASEOSAS,HIGH,BOTELLA,1.0
62168,Brand 44,BEBIDAS CARBONATADAS,GASEOSAS,HIGH,BOTELLA,1.0
62378,Brand 44,BEBIDAS CARBONATADAS,GASEOSAS,HIGH,BOTELLA,1.0
296580,Brand 44,BEBIDAS CARBONATADAS,GASEOSAS,HIGH,BOTELLA,1.0
296838,Brand 44,BEBIDAS CARBONATADAS,GASEOSAS,HIGH,BOTELLA,1.0
297282,Brand 44,BEBIDAS CARBONATADAS,GASEOSAS,HIGH,BOTELLA,1.0
48574,Brand 44,BEBIDAS CARBONATADAS,GASEOSAS,HIGH,BOTELLA,1.0
48694,Brand 44,BEBIDAS CARBONATADAS,GASEOSAS,HIGH,BOTELLA,1.0
57414,Brand 44,BEBIDAS CARBONATADAS,GASEOSAS,HIGH,BOTELLA,1.0
44302,Brand 44,BEBIDAS CARBONATADAS,GASEOSAS,HIGH,BOTELLA,0.25
49888,Brand 44,BEBIDAS CARBONATADAS,GASEOSAS,HIGH,BOTELLA,0.25
296474,Brand 44,BEBIDAS CARBONATADAS,GASEOSAS,HIGH,BOTELLA,0.25
297680,Brand 44,BEBIDAS CARBONATADAS,GASEOSAS,HIGH,BOTELLA,0.25
297888,Brand 44,BEBIDAS CARBONATADAS,GASEOSAS,HIGH,BOTELLA,0.25
62944,Brand 44,BEBIDAS CARBONATADAS,GASEOSAS,HIGH,BOTELLA,0.25
51316,Brand 44,BEBIDAS CARBONATADAS,GASEOSAS,HIGH,KEG,20.0
296804,Brand 44,BEBIDAS CARBONATADAS,GASEOSAS,HIGH,KEG,20.0
46440,Brand 44,BEBIDAS CARBONATADAS,GASEOSAS,HIGH,LATA,0.25
50716,Brand 44,BEBIDAS CARBONATADAS,GASEOSAS,HIGH,LATA,0.25
60978,Brand 44,BEBIDAS CARBONATADAS,GASEOSAS,HIGH,LATA,0.25
296440,Brand 44,BEBIDAS CARBONATADAS,GASEOSAS,HIGH,LATA,0.25
296978,Brand 44,BEBIDAS CARBONATADAS,GASEOSAS,HIGH,LATA,0.25
28924,Brand 44,BEBIDAS CARBONATADAS,GASEOSAS,HIGH,LATA,0.25
52754,Brand 44,BEBIDAS CARBONATADAS,GASEOSAS,HIGH,LATA,0.25
52124,Brand 44,BEBIDAS CARBONATADAS,GASEOSAS,HIGH,LATA,0.31
56264,Brand 50,BEBIDAS NO CARBONATADAS,JUGOS,LOW,BOTELLA,0.33
56254,Brand 50,BEBIDAS NO CARBONATADAS,JUGOS,LOW,BOTELLA,0.25
56256,Brand 50,BEBIDAS NO CARBONATADAS,JUGOS,LOW,BOTELLA,2.0
56248,Brand 50,BEBIDAS NO CARBONATADAS,JUGOS,LOW,BOTELLA,0.33
56250,Brand 50,BEBIDAS NO CARBONATADAS,JUGOS,LOW,BOTELLA,1.0
56252,Brand 50,BEBIDAS NO CARBONATADAS,JUGOS,LOW,BOTELLA,1.5
56300,Brand 50,BEBIDAS NO CARBONATADAS,JUGOS,LOW,BOTELLA,2.0
56338,Brand 50,BEBIDAS NO CARBONATADAS,JUGOS,LOW,BOTELLA,0.25
56268,Brand 50,BEBIDAS NO CARBONATADAS,JUGOS,LOW,BOTELLA,0.5
61372,Brand 50,BEBIDAS NO CARBONATADAS,JUGOS,LOW,BOTELLA,0.5
61370,Brand 50,BEBIDAS NO CARBONATADAS,JUGOS,LOW,BOTELLA,2.0
56302,Brand 50,BEBIDAS NO CARBONATADAS,JUGOS,LOW,BOTELLA,3.0
60668,Brand 11,BEBIDAS NO CARBONATADAS,JUGOS,LOW,BOTELLA,1.0
1324,Brand 10,BEBIDAS CARBONATADAS,GASEOSAS,PREMIUM,BOTELLA,0.66
296956,Brand 10,BEBIDAS CARBONATADAS,GASEOSAS,PREMIUM,LATA,0.5
297566,Brand 10,BEBIDAS CARBONATADAS,GASEOSAS,PREMIUM,LATA,0.5
48746,Brand 10,BEBIDAS CARBONATADAS,GASEOSAS,PREMIUM,LATA,0.5
53170,Brand 10,BEBIDAS CARBONATADAS,GASEOSAS,PREMIUM,LATA,0.5
29220,Brand 10,BEBIDAS CARBONATADAS,GASEOSAS,PREMIUM,BOTELLA,0.33
57804,Brand 10,BEBIDAS CARBONATADAS,GASEOSAS,PREMIUM,BOTELLA,0.66
30016,Brand 10,BEBIDAS CARBONATADAS,GASEOSAS,PREMIUM,BOTELLA,0.66
36402,Brand 10,BEBIDAS CARBONATADAS,GASEOSAS,PREMIUM,BOTELLA,0.66
42544,Brand 10,BEBIDAS CARBONATADAS,GASEOSAS,PREMIUM,BOTELLA,0.66
42586,Brand 10,BEBIDAS CARBONATADAS,GASEOSAS,PREMIUM,BOTELLA,0.66
43976,Brand 10,BEBIDAS CARBONATADAS,GASEOSAS,PREMIUM,BOTELLA,0.66
296070,Brand 10,BEBIDAS CARBONATADAS,GASEOSAS,PREMIUM,BOTELLA,0.66
296614,Brand 10,BEBIDAS CARBONATADAS,GASEOSAS,PREMIUM,BOTELLA,0.66
3384,Brand 10,BEBIDAS CARBONATADAS,GASEOSAS,PREMIUM,BOTELLA,0.66
128406,Brand 10,BEBIDAS CARBONATADAS,GASEOSAS,PREMIUM,BOTELLA,0.66
11238,Brand 10,BEBIDAS CARBONATADAS,GASEOSAS,PREMIUM,BOTELLA,0.66
1268,Brand 10,BEBIDAS CARBONATADAS,GASEOSAS,PREMIUM,BOTELLA,1.0
296764,Brand 10,BEBIDAS CARBONATADAS,GASEOSAS,PREMIUM,BOTELLA,0.33
297016,Brand 10,BEBIDAS CARBONATADAS,GASEOSAS,PREMIUM,BOTELLA,0.33
297484,Brand 10,BEBIDAS CARBONATADAS,GASEOSAS,PREMIUM,BOTELLA,0.33
152,Brand 10,BEBIDAS CARBONATADAS,GASEOSAS,PREMIUM,BOTELLA,0.33
168,Brand 10,BEBIDAS CARBONATADAS,GASEOSAS,PREMIUM,BOTELLA,0.33
29218,Brand 10,BEBIDAS CARBONATADAS,GASEOSAS,PREMIUM,BOTELLA,0.33
42326,Brand 10,BEBIDAS CARBONATADAS,GASEOSAS,PREMIUM,BOTELLA,0.33
43086,Brand 10,BEBIDAS CARBONATADAS,GASEOSAS,PREMIUM,BOTELLA,0.33
54290,Brand 10,BEBIDAS CARBONATADAS,GASEOSAS,PREMIUM,BOTELLA,0.33
22438,Brand 10,BEBIDAS CARBONATADAS,GASEOSAS,PREMIUM,KEG,20.0
297102,Brand 10,BEBIDAS CARBONATADAS,GASEOSAS,PREMIUM,KEG,20.0
88230,Brand 10,BEBIDAS CARBONATADAS,GASEOSAS,PREMIUM,KEG,20.0
297316,Brand 10,BEBIDAS CARBONATADAS,GASEOSAS,PREMIUM,LATA,0.25
42524,Brand 10,BEBIDAS CARBONATADAS,GASEOSAS,PREMIUM,LATA,0.25
42588,Brand 10,BEBIDAS CARBONATADAS,GASEOSAS,PREMIUM,LATA,0.25
297386,Brand 10,BEBIDAS CARBONATADAS,GASEOSAS,PREMIUM,LATA,0.33
53386,Brand 10,BEBIDAS CARBONATADAS,GASEOSAS,PREMIUM,LATA,0.33
31188,Brand 10,BEBIDAS CARBONATADAS,GASEOSAS,PREMIUM,LATA,0.33
33570,Brand 10,BEBIDAS CARBONATADAS,GASEOSAS,PREMIUM,LATA,0.33
297428,Brand 2,BEBIDAS CARBONATADAS,GASEOSAS,PREMIUM,BOTELLA,0.33
51974,Brand 2,BEBIDAS CARBONATADAS,GASEOSAS,PREMIUM,BOTELLA,0.33
297724,Brand 2,BEBIDAS CARBONATADAS,GASEOSAS,PREMIUM,LATA,0.5
62482,Brand 2,BEBIDAS CARBONATADAS,GASEOSAS,PREMIUM,LATA,0.5
